ciudad,nombre,prioridad,lat,lng,lugar_busqueda,tipo,precio,descripcion,url,reserva,mejor_momento
Friburgo,Freiburger Münster,Quizás,47.995549,7.852921,"Freiburger Münster, Freiburg im Breisgau, Germany",Catedral,Gratis,"La catedral gótica del s. XIII con la torre más perfecta del mundo según Jacob Burckhardt; la ""linterna"" gótica calada en el campanario es única en Europa; reliquias medievales y vitrales del s. XIII-XIV en el interior; la Münstermarkt al pie cada mañana",,No necesaria,
Friburgo,Altstadt + Bächle,Quiero ir,47.995303,7.852430,"Altstadt, Freiburg im Breisgau, Germany",Casco histórico,Gratis,"El centro medieval reconstruido tras la WWII; los Bächle son acequias de agua que corren por todas las calles desde la Edad Media (control de incendios y abastecimiento); la leyenda dice que si pisás uno por accidente, te casarás con alguien de Friburgo — caminar de 2-3h cubriendo el casco viejo en detalle",,No necesaria,
Friburgo,Schlossberg,Quiero ir,47.997494,7.867552,"Schlossberg, Freiburg im Breisgau, Germany",Mirador,Gratis,La colina boscosa sobre la ciudad; el mirador más accesible con vistas sobre los tejados y el campanario del Münster; subida a pie (20min) o en funicular (Schlossbergbahn); ruinas del antiguo castillo arriba; cafés en la cima,,No necesaria,
Friburgo,Martinstor,Quizás,47.993714,7.848947,"Martinstor, Freiburg im Breisgau, Germany",Sitio histórico,Gratis,Las dos puertas medievales del s. XIII que sobrevivieron las bombas de WWII; el Martinstor con McDonalds en el arco es el cruce más paradójico de la ciudad,,No necesaria,
Friburgo,Schwabentor,Quizás,47.992899,7.854124,"Schwabentor, Freiburg im Breisgau, Germany",Sitio histórico,Gratis,Las dos puertas medievales del s. XIII que sobrevivieron las bombas de WWII; el Martinstor con McDonalds en el arco es el cruce más paradójico de la ciudad,,No necesaria,
Friburgo,Rathausplatz,Quizás,47.996217,7.849349,"Rathausplatz, Freiburg im Breisgau, Germany",Plaza,Gratis,El corazón administrativo de Friburgo; el Neues Rathaus y el Altes Rathaus conectados por un puente del s. XX; el tilo centenario en el centro,,No necesaria,
Friburgo,Colombischlössle,Solo mapeado,47.997746,7.845955,"Colombischlössle, Freiburg im Breisgau, Germany",Museo,,El pequeño castillo victoriano en el parque; el único edificio que no fue destruido en los bombardeos de WWII del barrio histórico . No lo encontré en maps,https://museen.freiburg.de/your-visit,Recomendada,
Friburgo,Barrio Stühlinger,Quizás,47.998880,7.837732,"Stühlinger, Freiburg im Breisgau, Germany",Barrio,Gratis,"El barrio alternativo al otro lado de la estación; murales, cafés de estudiantes, mercados de segunda mano; la versión underground de Friburgo",,No necesaria,
Friburgo,Barrio Vauban,Solo mapeado,47.976365,7.823605,"Vauban, Freiburg im Breisgau, Germany",Barrio,Gratis,El barrio de urbanismo sostenible más famoso de Alemania; 5000 habitantes con energía pasiva o positiva; coches prohibidos en calles residenciales; los tejados cubiertos de paneles solares; visitarlo es entender el futuro de la ciudad europea,,No necesaria,
Friburgo,Augustinermuseum,Solo mapeado,47.993806,7.853250,"Augustinermuseum, Freiburg im Breisgau, Germany",Museo,€12,El museo más importante de Friburgo; inauguró salas nuevas en febrero 2026 tras renovación; colección de arte del Alto Rin del s. XII-XIX; las esculturas originales del Münster (las copias están en la fachada) y los primitivos alemanes son lo más valioso,,,
Friburgo,Museum Natur und Mensch,Solo mapeado,47.993330,7.851602,"Museum Natur und Mensch, Freiburg im Breisgau, Germany",Museo,€5,"Historia natural y etnología; colecciones de ciencias naturales de la región y objetos de África, Asia y Oceanía; el museo de los escolares de Friburgo, sorprendentemente bien curado",,,
Friburgo,Uniseum,Quizás,47.995414,7.848619,"Uniseum, Freiburg im Breisgau, Germany",Museo,Gratis,La historia de la Universidad de Friburgo desde 1457; en el edificio histórico del rectorado; exposición muy completa sobre los orígenes del conocimiento en la región,,No necesaria,
Friburgo,Museum für Stadtgeschichte,Solo mapeado,47.994970,7.853131,"Museum für Stadtgeschichte, Freiburg im Breisgau, Germany",Museo,€3,En el Wentzingerhaus del s. XVIII; historia de Friburgo desde la fundación hasta hoy,,,
Friburgo,Münstermarkt,Quiero ir,47.995830,7.852804,"Münstermarkt, Freiburg im Breisgau, Germany",Mercado,Gratis,"El mercado diario al pie de la catedral; productos de la Selva Negra (Schwarzwälder Kirschtorte, miel, jamón, quesos, vinos de Baden); el mercado más bonito de toda la región — lunes a sábado 7h-13:30h; los sábados son los más completos",,No necesaria,
Friburgo,Markt Stühlinger,Solo mapeado,47.996877,7.837793,"Stühlinger Kirchplatz, Freiburg im Breisgau, Germany",Mercado,Gratis,El mercado del barrio alternativo; más local y menos turístico que el Münstermarkt; martes y viernes,,No necesaria,
Friburgo,Wutachschlucht,Quizás,47.860882,8.283470,"Wutachschlucht, Freiburg im Breisgau, Germany",Trekking,Gratis,"La garganta más espectacular de Alemania; el ""Gran Cañón"" de la Selva Negra; 13km de trekking entre cascadas, paredes de roca y bosque primario; el recorrido clásico es de 4-5h; usar el Wanderbus para resolver la logística de punto a punto (sin necesidad de volver al inicio) — opera fines de semana y festivos de abril a principios de octubre",,No necesaria,
Friburgo,Feldberg + Feldsee,Solo mapeado,47.873991,8.004674,"Feldberg, Freiburg im Breisgau, Germany",Trekking,Gratis,El pico más alto de la Selva Negra (1493m); vistas hacia los Alpes en días claros; el Feldsee es el lago glaciar a los pies del pico; subida fácil desde el parking o en bus; en septiembre los arándanos están en sazón,,No necesaria,
Friburgo,Triberg,Quiero ir,48.126356,8.227647,"Triberger Wasserfälle, Freiburg im Breisgau, Germany",Naturaleza,€5,"Las cascadas más famosas de Alemania y el origen del reloj cucú; turístico pero genuino — ""si esperás naturaleza pura sin turistas, Triberg no es el lugar; si lo tomás como curiosidad cultural con las cascadas como bonus, cumple"" (r/germany)",,No necesaria,
Friburgo,Titisee,Quizás,47.901149,8.149973,"Titisee, Freiburg im Breisgau, Germany",Lago,Gratis,"El lago más famoso de la Selva Negra; baño, barcas de alquiler y paseo por el borde; el pueblo junto al lago es turístico pero el lago en sí es bello; 30min desde Friburgo en tren directo — ""; a mediodía en agosto es el peor; en septiembre más tranquilo"" (r/germany)",,No necesaria,Ir temprano o fuera de hora pico para disfruta
Friburgo,Schluchsee,Solo mapeado,47.817489,8.151514,"Schluchsee, Freiburg im Breisgau, Germany",Lago,Gratis,"El lago más grande y más tranquilo que Titisee; agua de montaña para nadar en verano; menos tiendas de recuerdos y más silencio; 40min en bus desde Friburgo — ""si tuvieras que elegir entre Titisee y Schluchsee, los locales eligen siempre Schluchsee"" (múltiples posts r/germany)",,No necesaria,
Friburgo,Staufen im Breisgau,Solo mapeado,47.883211,7.732926,"Staufen im Breisgau, Freiburg im Breisgau, Germany",Pueblo,Gratis,"El pueblo de los viñedos más cercano a Friburgo (15min en tren); calles medievales, bodegas abiertas para cata en septiembre (vendimia), el mejor paseo tranquilo si no se quiere naturaleza pero sí vino y pueblo",,No necesaria,
Friburgo,Breisach am Rhein,Solo mapeado,48.029142,7.580612,"Breisach am Rhein, Freiburg im Breisgau, Germany",Pueblo,€5,El pueblo sobre el Rin con la catedral medieval en lo alto; desde Friburgo en 20min; cruzar el puente al lado alemán con vistas al viñedo del Kaiserstuhl,,,
Grindelwald,Bachalpsee,Quizás,46.669581,8.020953,"Bachalpsee, Grindelwald, Switzerland",Trekking,Gratis,El lago alpino que espeja el macizo; <1h de caminata fácil desde la estación First; en día claro es la imagen más fotogénica de la región; ida y vuelta ~2–3h con calma; GRATIS una vez arriba,,No necesaria,
Grindelwald,First (Cliff Walk),Quizás,46.660800,8.053600,"Grindelwald First, Grindelwald, Switzerland",Teleférico,CHF 72,"Pasarela sobre el precipicio y puente colgante desde la estación First; el ""wow inmediato"" sin trekking; incluido en el ticket; puede cerrar por viento (verificar)",,,
Grindelwald,First Flieger / Glider,Solo mapeado,46.658817,8.059846,"First Flieger, Grindelwald, Switzerland",Adrenalina,Suplemento,"Tirolesa y ""ala"" que sobrevuela la ladera hacia Schreckfeld; adrenalina con vista (suplemento aparte)",,,
Grindelwald,Jungfraujoch,Solo mapeado,46.547496,7.982709,"Jungfraujoch, Grindelwald, Switzerland",Excursión,CHF 201-240 (≈€215),"La estación de tren más alta de Europa; glaciar Aletsch, Palacio de Hielo, Sphinx observatory; desde Grindelwald es el acceso más directo vía Grindelwald Terminal → Eiger Express (15 min a Eigergletscher) + tren final (~25 min); ~CHF 201–240 return (−25% Eurail sobre el tramo pagado; 25% con STP); polémico: muy caro y masivo — vale solo con clima perfecto y si el glaciar/nieve es la prioridad",,,
Grindelwald,Grindelwald pueblo,Solo mapeado,46.624273,8.036746,"Grindelwald, Switzerland",Pueblo,Gratis,"Pueblo alpino real bajo el Eiger; panadería con vista, chalets de madera; GRATIS",,No necesaria,
Grindelwald,Grindelwald Terminal,Solo mapeado,46.623973,8.020877,"Grindelwald Terminal, Grindelwald, Switzerland",Sitio,,La mega-estación (2020) desde donde salen Eiger Express y el teleférico a Männlichen; útil como punto de partida,,,
Grindelwald,Pfingstegg,Solo mapeado,46.621224,8.057985,"Pfingstegg, Grindelwald, Switzerland",Teleférico,CHF 32 (≈€34),Salida barata para un balcón sobre el glaciar inferior sin comprometer un día entero; buen plan de tarde o clima dudoso arriba,,,
Grindelwald,Männlichen,Solo mapeado,46.611125,7.943606,"Männlichen, Grindelwald, Switzerland",Mirador,Gratis,"Muy fácil, 1,5 hs. Telecabina ~22 CHF. Termina muy cerca del inicio del Eiger Trail",,No necesaria,
Grindelwald,Kleine Scheidegg,Solo mapeado,46.586439,7.961675,"Kleine Scheidegg, Grindelwald, Switzerland",Mirador,Gratis,Fácil; ~1.5h; Teleférico Männlichen desde Grindelwald Terminal (aparte); 10/10; Sendero icónico con Eiger/Mönch/Jungfrau enfrente todo el camino,,No necesaria,
Grindelwald,Eigergletscher (Eiger Trail),Solo mapeado,46.575987,7.975562,"Eigergletscher, Grindelwald, Switzerland",Trekking,,Moderado; ~2.5–3h; Eiger Express / tren a Eigergletscher (aparte); 10/10; Al pie mismo de la cara norte del Eiger; sobrecogedor,,,
Grindelwald,Grosse Scheidegg,Solo mapeado,46.655878,8.101867,"Grosse Scheidegg, Grindelwald, Switzerland",Trekking,Gratis,Mod-Intenso; 3–4h a pie; Gratis a pie / PostBus; 8/10; Paso alpino clásico entre Grindelwald y Meiringen,,No necesaria,
Grindelwald,Faulhorn,Solo mapeado,46.674933,7.999324,"Faulhorn, Grindelwald, Switzerland",Trekking,,"El gran trekking 10/10 en sentido inverso (6–7h, ver abajo)",,,
Interlaken,Harder Kulm,Solo mapeado,46.699682,7.856141,"Harder Kulm, Interlaken, Switzerland",Mirador,Gratis,"El mirador clásico sobre los dos lagos (Thun + Brienz) con el Two Lakes Bridge (plataforma con piso de vidrio) y vista al Eiger-Mönch-Jungfrau; subir a pie (8, 2 km / ~1, 5–2h por el bosque en zigzag, GRATIS) o en funicular (~CHF 40 ida+vuelta, verificar; opera 3 abr–29 nov 2026, cada 30 min); ideal: subir a pie y bajar en funicular",,No necesaria,
Interlaken,Höhematte / Höheweg,Quizás,46.686015,7.857335,"Höhematte, Interlaken, Switzerland",Paseo,Gratis,El gran prado central de Interlaken con vista abierta al Jungfrau; la avenida Höheweg es el paseo principal; GRATIS,,No necesaria,
Interlaken,Unterseen,Quizás,46.687165,7.849637,"Unterseen, Interlaken, Switzerland",Casco histórico,Gratis,"El barrio del s. XVII justo al oeste, con la iglesia y casas de madera; el rincón con ""alma"" que a Interlaken se le suele negar; GRATIS",,No necesaria,
Interlaken,Paseo del río Aare,Solo mapeado,46.688831,7.855717,"Aare, Interlaken, Switzerland",Paseo,Gratis,"Entre los dos lagos, agua turquesa glaciar; GRATIS",,No necesaria,
Interlaken,Iseltwald (Lago de Brienz),Solo mapeado,46.700176,7.941531,"Iseltwald, Interlaken, Switzerland",Lago,Gratis,Lago turquesa eléctrico al este; Iseltwald (el muelle famoso de la serie coreana *Crash Landing on You*) y Giessbachfälle (cascada con funicular histórico y Grandhotel); barco Eurail; GRATIS el paseo (funicular Giessbach aparte),,No necesaria,
Interlaken,Giessbachfälle,Solo mapeado,46.733552,8.023824,"Giessbachfälle, Interlaken, Switzerland",Naturaleza,Gratis,Lago turquesa eléctrico al este; Iseltwald (el muelle famoso de la serie coreana *Crash Landing on You*) y Giessbachfälle (cascada con funicular histórico y Grandhotel); barco Eurail; GRATIS el paseo (funicular Giessbach aparte),,No necesaria,
Interlaken,Spiez (Lago de Thun),Solo mapeado,46.691947,7.677466,"Spiez, Interlaken, Switzerland",Pueblo,Gratis,"Al oeste; castillo de Spiez sobre viñedos, castillo de Thun; barco Eurail; parada suave o plan B",,No necesaria,
Interlaken,St. Beatus-Höhlen,Solo mapeado,46.684671,7.782307,"St. Beatus-Höhlen, Interlaken, Switzerland",Cueva,,Cuevas con río subterráneo sobre el lago Thun; plan B lluvia perfecto; bus/barco desde Interlaken,,,
Interlaken,Ballenberg,Solo mapeado,46.748762,8.084871,"Ballenberg Freilichtmuseum, Interlaken, Switzerland",Museo,CHF 32 (≈€34),"Pueblo suizo reconstruido con edificios históricos de todo el país, artesanos en vivo; a ~30 min hacia Brienz; CHF 32 adulto (verificar en ballenberg.ch); gran plan de día gris",,,
Interlaken,Brienz,Solo mapeado,46.756000,8.030301,"Brienz, Interlaken, Switzerland",Pueblo,Gratis,Pueblo de talladores de madera a orillas del lago; base del tren de vapor histórico al Brienzer Rothorn (verificar temporada),,No necesaria,
Interlaken,Schynige Platte,Quizás,46.651443,7.909311,"Schynige Platte, Interlaken, Switzerland",Trekking,CHF 72 (≈€78),"El trekking 10/10 de la región (6–7h); el tren de subida sale de Wilderswil, a un paso de Interlaken → esta base es excelente punto de partida; CHF 72 tren subida; abierto hasta 25 oct 2026; no hacer con clima incierto",,,
Interlaken,Oeschinensee,Quizás,46.498495,7.726843,"Oeschinensee, Interlaken, Switzerland",Lago,Gratis,El lago alpino más azul de los Berneses; ~1h–1h20 en tren + góndola; ir solo con cielo azul (el color cambia radicalmente); desde 2026 suele pedir reserva de franja horaria para la góndola · webcam,https://oeschinensee.ch/reservation,Obligatoria,
Lauterbrunnen,Valle de Lauterbrunnen,Quiero ir,46.593904,7.907802,"Lauterbrunnen, Switzerland",Paisaje,Gratis,"""El valle de las 72 cascadas""; paredes verticales de 300 m con agua cayendo; el modelo que inspiró el Valle de Rivendell a Tolkien (folclore literario, no cita textual probada); GRATIS recorrerlo a pie o en bici",,No necesaria,
Lauterbrunnen,Trümmelbachfälle,Quizás,46.572260,7.911818,"Trümmelbachfälle, Lauterbrunnen, Switzerland",Naturaleza,CHF 16 (≈€17),"Cascadas glaciares DENTRO de la montaña (drena el agua del Eiger, Mönch y Jungfrau); 10 cataratas interiores hasta 20.000 l/s; el mejor plan si llueve (100% interior); CHF 16; bus ~10–15 min desde Lauterbrunnen",,No necesaria,
Lauterbrunnen,Stechelberg,Quizás,46.545016,7.902199,"Stechelberg, Lauterbrunnen, Switzerland",Paisaje,Gratis,Sendero llano por prados y cascadas hasta el fondo del valle; suave y espectacular; GRATIS,,No necesaria,
Lauterbrunnen,Mürren,Quizás,46.559140,7.892879,"Mürren, Lauterbrunnen, Switzerland",Pueblo,Gratis,"Pueblo alpino sin autos en la roca (1.638 m); vistas frontales al Eiger-Mönch-Jungfrau; acceso por teleférico Grütschalp + tren, o por el nuevo teleférico desde Stechelberg; el más ""auténtico"" con servicios; café con vista imbatible; GRATIS callejear (transporte cubierto por Eurail hasta Mürren)",,No necesaria,
Lauterbrunnen,Gimmelwald,Quizás,46.547352,7.891651,"Gimmelwald, Lauterbrunnen, Switzerland",Pueblo,Gratis,"Aldea casi intacta debajo de Mürren; la ""joya oculta"" más citada de la región; casas-granero centenarias, cero turismo organizado; se puede bajar a pie desde Mürren (~30–45 min); GRATIS",,No necesaria,
Lauterbrunnen,Wengen,Quizás,46.605441,7.921724,"Wengen, Lauterbrunnen, Switzerland",Pueblo,Gratis,El pueblo sin autos del otro lado del valle (ladera norte); balcón sobre Lauterbrunnen; puerta a Männlichen y Kleine Scheidegg; tren cremallera desde Lauterbrunnen (Eurail cubre hasta Wengen); GRATIS el pueblo,,No necesaria,
Lauterbrunnen,Schilthorn / Piz Gloria,Solo mapeado,46.557282,7.835174,"Schilthorn, Lauterbrunnen, Switzerland",Teleférico,CHF 91.40 (≈€99),"Cima 360° con restaurante giratorio y la locación de James Bond (*Al servicio secreto de Su Majestad*); desde Lauterbrunnen vía Stechelberg o Mürren; el nuevo teleférico Stechelberg–Mürren (dic 2024) es el más empinado del mundo (gradiente 159, 4%); CHF 91.40 return desde Mürren / CHF 115 desde Stechelberg; con Eurail ~−25%; marginal según foros vs Schynige, pero el trayecto ya es la atracción",https://schilthorn.ch/en/Tickets,Recomendada,
Lauterbrunnen,Allmendhubel,Solo mapeado,46.566276,7.888915,"Allmendhubel, Lauterbrunnen, Switzerland",Trekking,,"El más famoso del lado oeste del valle; mira la cara norte del Eiger. Media, 2-2,5 hs. ~20 CHF de teleférico + funicular Allmendhubel",,,
Lucerna,Kapellbrücke,Solo mapeado,47.051543,8.307429,"Kapellbrücke, Luzern, Switzerland",Sitio histórico,Gratis,"El puente de madera cubierto más antiguo de Europa (s. XIV) sobre el río Reuss, con paneles pintados en el techo y la torre del agua octagonal al lado; el ícono de la ciudad; GRATIS",,No necesaria,
Lucerna,Museggmauer,Solo mapeado,47.055135,8.307193,"Museggmauer, Luzern, Switzerland",Sitio histórico,Gratis,Torres medievales que se pueden subir con vista sobre los tejados (temporada abr–nov); GRATIS,,No necesaria,
Lucerna,Jesuitenkirche,Solo mapeado,47.050438,8.305149,"Jesuitenkirche, Luzern, Switzerland",Iglesia,Gratis,"Iglesia barroca sobre el Reuss, junto al Kapellbrücke; GRATIS",,No necesaria,
Lucerna,Monte Rigi,Solo mapeado,47.056678,8.485265,"Rigi, Luzern, Switzerland",Excursión,,"""La reina de las montañas""; tren + barco; también excursión de día completo",,,
Innsbruck,Goldenes Dachl (Tejadillo de Oro),Solo mapeado,47.268600,11.393300,"Goldenes Dachl, Innsbruck, Austria",Sitio histórico,Gratis,El símbolo de Innsbruck; balcón cubierto con 2.657 tejas de cobre dorado mandado construir por el Emperador Maximiliano I en el s. XV; las fachadas pintadas de Helblinghaus y Katzunghaus justo al frente son lo más fotogénico de la ciudad: GRATIS (ver desde la plaza),,No necesaria,
Innsbruck,Altstadt (callejeo),Quiero ir,47.271057,11.395455,"Altstadt, Innsbruck, Austria",Sitio histórico,Gratis,"El casco medieval es pequeño y muy caminable; las arcadas (Lauben) recuerdan a Berna; Hofgasse, Herzog-Friedrich-Strasse y Kiebachgasse son las calles principales: GRATIS",,No necesaria,
Innsbruck,María-Theresien-Strasse,Quiero ir,47.266117,11.393969,"María-Theresien-Strasse, Innsbruck, Austria",Sitio histórico,Gratis,"La arteria peatonal principal de la ciudad moderna; la Annasäule (columna de la Virgen, 1706) en el centro; con las montañas al fondo es la foto más ""Innsbruck"": GRATIS",,No necesaria,
Innsbruck,Río Inn + Paseo Innkai,Solo mapeado,47.268500,11.390000,"Río Inn Paseo Innkai, Innsbruck, Austria",Sitio histórico,Gratis,Las vistas del río verde con las montañas nevadas al fondo y las casas de colores son la fotografía clásica de Innsbruck; el puente de la Innbrücke da el mejor ángulo: GRATIS,,No necesaria,
Innsbruck,Hofburg Innsbruck,Quizás,47.268864,11.394899,"Hofburg Innsbruck, Innsbruck, Austria",Sitio histórico,€9-12,El palacio imperial de los Habsburgo en Innsbruck; la Sala de los Gigantes (Riesensaal) con los retratos de la familia de María Teresa; ~€9-12 adulto (verificar en hofburg-innsbruck.at),,,
Innsbruck,Nordkette — Top of Innsbruck,Quizás,47.312000,11.380000,"Nordkette — Top of Innsbruck, Innsbruck, Austria",Sitio,€39.50-44,El sistema de teleférico/funicular que sale literalmente del centro de la ciudad y sube a 2.334m (Hafelekar); vistas de 360° sobre Innsbruck y los Alpes desde la cumbre; el panorama ciudad-montaña es de los más únicos de Europa; ~€39.50-44 adulto ida+vuelta hasta Hafelekar; solo hasta Seegrube (1.905m): ~€31 ida+vuelta; descuento 20% si subes,https://nordkette.com/en/service/tariffs/,Recomendada,Después de las 15h
Innsbruck,Patscherkofel + Zirbenweg,Quizás,47.209000,11.460000,"Patscherkofel Zirbenweg, Innsbruck, Austria",Sitio,,"La alternativa para quienes prefieren trekking tranquilo sobre miradores; el Zirbenweg es un sendero panorámico a ~2.000m, ""fácil"" y muy escénico; menos masificado que la Nordkette; requiere bus + teleférico (logística extra); verificar precio en patscherkofelbahn.at",,,
Innsbruck,Bergisel Ski Jump,Solo mapeado,47.248900,11.399400,"Bergisel Ski Jump, Innsbruck, Austria",Museo,€12,El trampolín de salto de esquí diseñado por Zaha Hadid (2002); la arquitectura ya vale la visita; el mirador en la cima da vistas únicas sobre Innsbruck; usado en 4 Juegos Olímpicos; ~€12 adulto,,,
Innsbruck,Alpenzoo (Alpenzoo Innsbruck),Quizás,47.282371,11.400626,"Alpenzoo, Innsbruck, Austria",Museo,€14,"El zoológico de animales alpinos más alto del mundo (750m); osos, linces, ciervos, buitres, águilas; muy bien curado y tranquilo; ~€14 adulto / ~€7 niños",,,
Innsbruck,Castillo Ambras (Schloss Ambras),Solo mapeado,47.255674,11.429931,"Schloss Ambras, Innsbruck, Austria",Museo,€16,El castillo renacentista del Archiduque Fernando II (s. XVI) en las afueras de la ciudad; la Kammergalerie con armas y armaduras es espectacular; la colección de retratos de los Habsburgo; €16 online / €18 taquilla (temporada abr-oct); menores 19 gratis,https://www.schlossambras-innsbruck.at/en/visit-tickets,Recomendada,
Innsbruck,Tirol Panorama + Kaiserjäger Museum,Solo mapeado,47.250872,11.400937,"Tirol Panorama, Innsbruck, Austria",Museo,€12,El museo panorámico de la historia tirolesa con una pintura circular de 1.000m² de la Batalla de 1809; en el Bergisel (misma colina que el ski jump); ~€12 adulto (verificar),,,
Innsbruck,Swarovski Kristallwelten (Wattens),Solo mapeado,47.293000,11.590000,"Swarovski Kristallwelten, Innsbruck, Austria",Museo,€22,"El ""mundo de cristal"" de Swarovski a 20 min en bus desde Innsbruck; más parque temático/instalación artística que museo; ~€22 adulto — para quienes les llama (verificar en kristallwelten.com)",,,
Viena,Palacio Schönbrunn,Quiero ir,48.184989,16.311568,"Schönbrunn Palace, Wien, Austria",Monumento,Gratis,"""Versalles vienés""; 1676 habitaciones (solo ves 40); jardines gratuitos todo el año — Imperial Tour (22 salas): €22 / Grand Tour (40 salas + audioguía): ~€28 / Classic Pass (Grand Tour + Gloriette + laberinto + jardines): ~€32 / Gold Pass (todo): ~€45; reservar online para evitar filas; las vistas desde la Gloriette valen el paseo aunque no pagues el palacio",https://www.schoenbrunn.at/en/all-tickets/palace-ticket,Recomendada,
Viena,Palacio Belvedere (Upper Belvedere),Quiero ir,48.191541,16.380888,"Upper Belvedere, Wien, Austria",Monumento,Gratis,"""El Beso"" de Klimt está aquí; jardines entre Upper y Lower gratuitos — €19.50 online / €21 taquilla; reducido €15.50; reserva con hora asignada obligatoria — los jardines barrocos entre los dos palacios son imprescindibles aunque no pagues",https://www.belvedere.at/en/go/tickets,No necesaria,
Viena,Hofburg,Quiero ir,48.206329,16.365626,"Hofburg Palace, Wien, Austria",Sitio histórico,Gratis,"Palacio imperial en el centro; los patios (Burghof, Schweizerhof) y la Josefplatz son gratuitos; alas de pago: Apartamentos Imperiales + Museo Sisi + Colección Imperial de Plata (~€19.50, verificar en hofburg.at) — Reddit: si ya visitaron Schönbrunn y Belvedere, el Hofburg de pago es lo más prescindible; la fachada y el acceso a la Heldenplatz ya lo valen gratis",,No necesaria,
Viena,Schönbrunn — jardines y Gloriette,Quiero ir,48.177000,16.307500,"Gloriette, Wien, Austria",Parque,Gratis,Jardines siempre gratis; la Gloriette (mirador en lo alto) tiene acceso libre; vista panorámica sobre Viena sin pagar un euro — imprescindible para cualquier presupuesto,,No necesaria,
Viena,Ringstrasse,Solo mapeado,48.202600,16.369500,"Ringstrasse, Wien, Austria",Sitio histórico,,"Bulevar circular con arquitectura imperial del s. XIX (Ópera, Parlamento, Burgtheater, Rathaus); caminar o tomar el tranvía 1/2 con ticket normal — el ""tour más barato de Viena""; el loop completo a pie lleva 2h",,,
Viena,Graben & Kohlmarkt,Quiero ir,48.208500,16.369500,"Graben, Wien, Austria",Sitio histórico,Gratis,Calles peatonales elegantes del centro; la Columna de la Peste (Pestsäule) en Graben es una de las mejores esculturas barrocas al aire libre de Europa; gratis,,No necesaria,
Viena,Karlskirche,Solo mapeado,48.198279,16.371895,"Karlskirche, Wien, Austria",Sitio histórico,€9,"Iglesia barroca más importante de Viena; el gran secreto es el ascensor panorámico que sube 32m hasta los frescos de la cúpula (cara a cara con los frescos de Rottmayr, experiencia única en Europa): ~€9 adulto incluye iglesia + panorama lift + Museo Borromeo; jueves tarde suele ser más tranquilo",,,Llegar antes de las 11am
Viena,Secession,Solo mapeado,48.200499,16.366200,"Secession, Wien, Austria",Sitio histórico,€13,Edificio clave del Jugendstil vienés (1897); en el sótano el Beethoven Fries de Klimt (35m de largo) es una obra maestra: €13 adulto (incluye Beethovenfries) / €7 solo exhibición temporal — gratis algunos miércoles según programación; verificar en secession.at,https://secession.at/information_tickets,Recomendada,
Viena,Hofburg exterior + Heldenplatz,Quiero ir,48.206000,16.363500,"Heldenplatz, Wien, Austria",Plaza,Gratis,Gratis; la plaza frente al Hofburg y el pasaje hasta la Michaelerplatz es uno de los paseos más impresionantes de Viena sin pagar nada; la estatua ecuestre de María Teresa en el eje Ringstrasse también,,No necesaria,
Viena,Naschmarkt,Quiero ir,48.198500,16.363000,"Naschmarkt, Wien, Austria",Mercado,Gratis,El mercado más famoso de Viena; 120+ puestos; comida del mundo; sábados: Flohmarkt (mercado de pulgas) que es el mejor momento para ir — ver sección de hacks más abajo para no caer en trampas,,No necesaria,
Viena,Café Central,Quizás,48.210367,16.365387,"Café Central, Wien, Austria",Café,€8-12,"El más famoso; Freud, Trotsky y Schnitzler venían aquí; arquitectura neo-gótica impresionante; turístico pero vale la visita; café + pastel ~€8-12",,,
Viena,Café Sperl,Quizás,48.199838,16.361170,"Café Sperl, Wien, Austria",Café,,"Menos turístico, más auténtico; favorito de los locales desde 1880; ambiente bohemio; cerrado domingos",,,
Viena,Café Hawelka,Solo mapeado,48.207956,16.369805,"Café Hawelka, Wien, Austria",Café,,Bohemio y de artistas; Buchteln (bollos dulces nocturnos) famosos; sin wifi a propósito; uno de los ambientes más únicos de la ciudad,,,
Viena,Café Sacher,Solo mapeado,48.203837,16.370172,"Café Sacher, Wien, Austria",Café,€9,"Famoso por la Sachertorte original; turístico pero si querés la experiencia ""Sacher"" vale al menos una vez",,,
Viena,Demel,Solo mapeado,48.208605,16.367211,"Demel, Wien, Austria",Café,,Pastelería imperial cerca del Hofburg; menos saturada que Sacher; la vitrina de pasteles artesanales es un espectáculo en sí misma,,,
Viena,Riesenrad (noria gigante),Solo mapeado,48.216741,16.395909,"Wiener Riesenrad, Wien, Austria",Parque,€14.50,Icónica desde 1897; símbolo de la ciudad; €14.50 adulto / €6.50 niño; si el tiempo acompaña vale; cada gondola tiene historia,,No necesaria,
Viena,Wurstelprater,Solo mapeado,48.215609,16.399577,"Wurstelprater, Wien, Austria",Parque,Gratis,Parque de diversiones retro: gratis entrar; cada atracción se paga por separado; ambiente kitsch y único en Europa,,No necesaria,
Viena,Schweizerhaus,Solo mapeado,48.213921,16.401556,"Schweizerhaus, Wien, Austria",Parque,Gratis,Cervecería checa en el Prater famosa por el Stelze (codillo de cerdo); ambiente de jardín de verano; muy concurrido por locales en septiembre,,No necesaria,
Viena,Kunsthistorisches Museum (KHM),Solo mapeado,48.203739,16.361782,"Kunsthistorisches Museum, Wien, Austria",Museo,€22,"Arte clásico mundial: Bruegel (mejor colección del mundo), Vermeer, Rafael, Cellini; imprescindible si les interesa arte: €22 online / €24 taquilla; reducido €19-20; menores 19 gratis",,,
Viena,Albertina,Solo mapeado,48.204636,16.368261,"Albertina, Wien, Austria",Museo,€19.90,"Impresionistas y modernos: Monet, Picasso, Klimt, Schiele juntos en el mismo edificio: €19.90; combo Albertina + Albertina Modern + Klosterneuburg €24.90",,,
Viena,Leopold Museum (MuseumsQuartier),Solo mapeado,48.202590,16.359067,"Leopold Museum, Wien, Austria",Museo,€19,La mayor colección de Egon Schiele del mundo + Klimt; €19; reducido €16; combo MQ con MUMOK €25 (3 días),,,
Viena,Haus der Musik,Quizás,48.203792,16.373155,"Haus der Musik, Wien, Austria",Museo,€19,"Museo interactivo de la música vienesa; podés ""dirigir"" a la Filarmónica con un sensor de movimientos; excelente para todos los niveles: €19; reducido €15; niños <12 €8; abierto hasta las 22h",,,
Viena,Kunsthalle Wien,Solo mapeado,48.202973,16.357972,"Kunsthalle Wien, Wien, Austria",Museo,€10,Arte contemporáneo en el MQ; más experimental y accesible; ~€10,,,
Viena,Naturhistorisches Museum,Solo mapeado,48.205269,16.359755,"Naturhistorisches Museum, Wien, Austria",Museo,€15,Frente al KHM; la Venus de Willendorf (30.000 años) está aquí; colección de meteoritos; ~€15,,,
Viena,MQ Libelle (MuseumsQuartier),Solo mapeado,48.203500,16.359000,"MQ Libelle, Wien, Austria",Museo,Gratis,Terraza gratuita en el techo del MQ con vista 360° sobre Viena: GRATIS (verificar horario en mqw.at) — excelente para atardecer,,No necesaria,
Viena,Kahlenberg,Solo mapeado,48.276342,16.333068,"Kahlenberg, Wien, Austria",Puente,Gratis,"Vista panorámica clásica sobre Viena, el Danubio y los viñedos desde la cumbre: GRATIS; bus 38A desde Heiligenstadt (U4); también punto de partida hacia heurigers",,No necesaria,
Viena,Donauturm,Solo mapeado,48.240070,16.408950,"Donauturm, Wien, Austria",Puente,€17,Torre del Danubio (252m); vistas más amplias que la mayoría de torres europeas; €17 adulto; en la Donauinsel (isla del Danubio),,No necesaria,
Viena,Karl-Marx-Hof,Solo mapeado,48.250160,16.364539,"Karl-Marx-Hof, Wien, Austria",Puente,Gratis,"Vivienda social monumental (1930, ""Viena Roja""); 1.1km de largo, el edificio residencial continuo más largo del mundo; fotogénico y con historia política fascinante: GRATIS exterior; U4 Heiligenstadt — literalmente al lado de Kahlenberg/Grinzing, se puede combinar",,No necesaria,
Viena,Zentralfriedhof,Solo mapeado,48.149334,16.438663,"Zentralfriedhof, Wien, Austria",Puente,Gratis,"Cementerio central enorme; aquí están Beethoven, Brahms, Schubert, Strauss, Mahler; vibe muy vienesa; GRATIS — los vieneses lo visitan como parque; uno de los cementerios más grandes de Europa",,No necesaria,
Viena,Spittelberg,Quiero ir,48.203354,16.355452,"Spittelberg, Wien, Austria",Puente,Gratis,"Barrio bohemio de callejuelas adoquinadas con bares, restaurantes y galerías alternativas; muy animado fines de semana; a 5min del KHM caminando",,No necesaria,
Viena,Josefstadt (8º),Quizás,48.210598,16.351750,"Josefstadt, Wien, Austria",Puente,Gratis,"El barrio más pequeño de Viena; Art Nouveau, librerías de segunda mano, teatros históricos (Theater in der Josefstadt), cafés sin turistas; paseo urbano auténtico",,No necesaria,
Viena,Ottakring (16º),Solo mapeado,48.211032,16.311357,"Ottakring, Wien, Austria",Puente,Gratis,"Barrio multicultural y working-class; el Brunnenmarkt está aquí; donde ""vive la gente real"" de Viena",,No necesaria,
Viena,Augarten (2º),Solo mapeado,48.207750,16.370522,"Augarten, Wien, Austria",Puente,Gratis,Parque barroco con las torres antiaéreas de la WWII todavía en pie (no se pueden demoler por su tamaño y la Porzellanmanufaktur Augarten (porcelana imperial) más antigua del mundo: GRATIS el parque,,No necesaria,
Viena,Donauinsel,Solo mapeado,48.226611,16.412238,"Donauinsel, Wien, Austria",Puente,Gratis,Isla artificial de 42km de largo en el Danubio; en septiembre todavía hay ambiente playero; perfecto para bici; GRATIS,,No necesaria,
Viena,Stadtpark,Quizás,48.204767,16.379678,"Stadtpark, Wien, Austria",Parque,Gratis,"El parque más céntrico; estatua dorada de Johann Strauss (la foto icónica); patos, locales almorzando; GRATIS",,No necesaria,
Viena,Burggarten,Quizás,48.204384,16.365932,"Burggarten, Wien, Austria",Puente,Gratis,Parque del Hofburg con la famosa estatua de Mozart; gratis; relajante al lado del caos del centro,,No necesaria,
Praga,Puente de Carlos (Karlův most),Quiero ir,50.086500,14.411400,"Karlův most, Praha, Czechia",Puente,Gratis,Gratis; 30 estatuas barrocas; construido en 1357; iros sin turistas y con niebla sobre el Moldava — de día es literalmente un mercado ambulante de vendedores; por la noche tiene magia pero también músicos y vendedores; el amanecer es el dato más repetido en r/prague sin excepción,,No necesaria,Al amanecer
Praga,Castillo de Praga (Hradčany),Quiero ir,50.091100,14.401600,"Hradčany, Praha, Czechia",Monumento,Gratis,"El castillo habitado más grande del mundo por área; los patios y jardines son GRATIS (acceso directo desde la calle, siempre abiertos); los interiores requieren ticket",,No necesaria,
Praga,Reloj Astronómico (Orloj),Solo mapeado,50.087000,14.420800,"Orloj, Praha, Czechia",Sitio histórico,Gratis,"Gratis exterior; el desfile de figuras ocurre cada hora en punto (9am-11pm) — el consenso de r/prague es que el ""show"" del Orloj es uno de los grandes chascos turísticos (las figuras son pequeñas y lentas); más interesante subir la torre del Ayuntamiento (del mismo edificio) para vistas 360° sobre la Plaza Vieja: ~250 CZK",,No necesaria,
Praga,Plaza de la Ciudad Vieja (Staroměstské náměstí),Quiero ir,50.087500,14.421100,"Staroměstské náměstí, Praha, Czechia",Plaza,Gratis,Gratis; corazón medieval de Praga con arquitecturas del s. XII-XVIII lado a lado; imprescindible aunque sea turístico — pisar el adoquín temprano (7-8am) o muy tarde (22h+) para vivirlo sin multitudes; de día en hora punta es difícil moverse,,No necesaria,
Praga,Muro de John Lennon,Solo mapeado,50.086000,14.404500,"Muro de John Lennon, Praha, Czechia",Sitio histórico,Gratis,Gratis; grafitis y mensajes de paz que cubren un muro de 5m de alto en Malá Strana; está a 5min del Puente de Carlos; cambia constantemente (cualquiera puede pintar),,No necesaria,
Praga,Colina Petřín,Quizás,50.083600,14.395000,"Colina Petřín, Praha, Czechia",Sitio histórico,,Los jardines de la colina más verde de Praga; vistas panorámicas sobre la ciudad,,,
Praga,Malá Strana (Ciudad Pequeña),Quiero ir,50.087158,14.404822,"Malá Strana, Praha, Czechia",Barrio,Gratis,El barrio más bohemio y fotogénico de Praga; calles adoquinadas bajo el Castillo; muchos jardines barrocos privados abiertos al público en verano; mucho más tranquilo que la Ciudad Vieja; base ideal para subir al Castillo a pie; Kampa Island y el Moldava desde el parque adyacente al Puente de Carlos,,No necesaria,
Praga,Vinohrady,Quizás,50.073814,14.451943,"Vinohrady, Praha, Czechia",Barrio,Gratis,"El mejor barrio para vivir Praga ""como un local"": Art Nouveau, restaurantes y cafés de calidad, sin turistas, parques preciosos",,No necesaria,
Praga,Žižkov,Quiero ir,50.087657,14.468136,"Žižkov, Praha, Czechia",Barrio,Gratis,"Barrio obrero tradicional; ""más pubs per cápita que cualquier otro lugar de Europa""; auténtico, gritty y fascinante",,No necesaria,
Praga,Vyšehrad,Quizás,50.064500,14.419500,"Vyšehrad, Praha, Czechia",Barrio,Gratis,"Fortaleza medieval/parque con vistas al Moldava; mucho menos turístico que el Castillo de Praga; cementerio con artistas y personajes históricos checos (Dvořák, Mucha); basílica románica de San Pedro y San Pablo; excelente para caminar sin multitudes",,No necesaria,
Praga,Karlín,Quiero ir,50.095573,14.458295,"Karlín, Praha, Czechia",Barrio,Gratis,"El barrio más ""gentrificado"" de los últimos años; restaurantes de calidad, cafeterías de especialidad, mercado Manifesto; ambiente joven y cosmopolita a 15min del centro",,No necesaria,
Praga,Holešovice,Solo mapeado,50.102495,14.442798,"Holešovice, Praha, Czechia",Barrio,Gratis,"Barrio emergente; Národní Galerie (sede del arte moderno en Praha), mercado Farmer's Market los sábados, el club Cross Club está aquí; industrial y lleno de vida local",,No necesaria,
Praga,Lokál,Solo mapeado,50.090500,14.425000,"Lokál, Praha, Czechia",Sitio,,"La opción ""segura"" número 1 según r/prague: Pilsner Urquell servida perfectamente (sistema Tankovna), svíčková, guláš; varias ubicaciones; ninguna trampa; reservar en fin de semana",,,
Praga,Prague Beer Museum,Solo mapeado,50.074486,14.436395,"Prague Beer Museum, Praha, Czechia",Museo,,30+ cervezas on tap de todo tipo; precio razonable; buena para probar variedades; sin trampa turística,,,
Praga,U Fleků,Quiero ir,50.078500,14.418000,"U Fleků, Praha, Czechia",Sitio,,"Cervecería más antigua de Praga (fundada 1499); su cerveza oscura de 15 grados es única y no se consigue en otro lado; turístico pero genuino; no ""barato"" pero vale la experiencia",,,
Praga,Zly Casy,Solo mapeado,50.070500,14.440000,"Zly Casy, Praha, Czechia",Sitio,,El paraíso craft beer de los locales; +100 marcas checas de pequeños productores; en Nusle/Vinohrady; muy lejos del circuito turístico,,,
Praga,Letenský zámeček,Solo mapeado,50.096500,14.420500,"Letenský zámeček, Praha, Czechia",Sitio,Gratis,beer garden al aire libre enorme; cerveza Pilsner a precio local y vistas al Castillo; uno de los mejores atardeceres de la ciudad; GRATIS entrar,,No necesaria,
Praga,Riegrovy Sady beer garden (Vinohrady),Solo mapeado,50.080500,14.441000,"Riegrovy Sady beer garden, Praha, Czechia",Sitio,,Atardecer + Pilsner + vista al Castillo; el spot preferido de los praguenses; abierto mientras hace buen tiempo,,,
Cracovia,Plaza del Mercado (Rynek Główny),Quiero ir,50.061700,19.937300,"Rynek Główny, Kraków, Poland",Mercado,Gratis,La plaza medieval más grande de Europa; el Cloth Hall (Sukiennice) en el centro tiene artesanías en la planta baja y galería de arte arriba; la Torre del Ayuntamiento da vistas sobre la plaza; gratis caminar — rodearla a primera hora de la mañana (7-8am) para fotos sin gente,,No necesaria,
Cracovia,Castillo Wawel,Quiero ir,50.054000,19.935500,"Castillo Wawel, Kraków, Poland",Monumento,Gratis,Colina real con vistas espectaculares del Vístula; se puede entrar al patio libremente; los interiores tienen 5 exhibiciones separadas con tickets propios,,No necesaria,
Cracovia,Mina de Sal de Wieliczka,Quizás,49.983300,20.060600,"Kopalnia Soli Wieliczka, Wieliczka, Poland",Sitio histórico,143 PLN (≈€34),Capilla de sal a 135m bajo tierra; impresionante y única en el mundo: 143 PLN adulto / 121 PLN reducido; tours en inglés cada 30 min (9:00-15:00); duración 2.5h; reservar online con días de anticipación (los slots de 10am-14pm se agotan 3-5 días antes),https://www.wieliczka-saltmine.com/individual-tourist/useful-information/ticket-prices-and-visiting-hours,Recomendada,
Cracovia,Auschwitz-Birkenau,Quiero ir,50.027600,19.203800,"Auschwitz-Birkenau, Kraków, Poland",Sitio histórico,,Día completo imprescindible (ver sección dedicada y desvios_cercanos.md),,,
Cracovia,Fábrica de Schindler (Muzeum Krakowa),Solo mapeado,50.047400,19.961700,"Muzeum Krakowa, Kraków, Poland",Sitio histórico,35-45 PLN (≈€8.2),"Museo excelente sobre la ocupación nazi de Cracovia; muy bien hecho, no solo sobre Schindler; en Podgórze: ~35-45 PLN adulto (verificar en muzeumkrakowa.pl); funciona por slots horarios y se agota — reservar con anticipación; cerrado lunes",,Recomendada,
Cracovia,Plac Nowy,Solo mapeado,50.051892,19.944674,"Plac Nowy, Kraków, Poland",Sitio,,"La plaza central de Kazimierz; por el día mercado de pulgas; por la noche epicentro de la vida local; aquí están los puestos de zapiekanka más famosos de la ciudad — hay una rotonda circular (los ""budki"") donde se arman los rollos",,,
Cracovia,Fábrica de Schindler,Solo mapeado,50.047400,19.961700,"Fábrica de Schindler, Kraków, Poland",Sitio,35-45 PLN (≈€8.2),"Museo excelente sobre la ocupación nazi de Cracovia; muy bien hecho, no solo sobre Schindler; en Podgórze: ~35-45 PLN adulto (verificar en muzeumkrakowa.pl); funciona por slots horarios y se agota — reservar con anticipación; cerrado lunes",,Recomendada,
Cracovia,Apoteka Pod Orlem (Farmacia del Águila),Solo mapeado,50.045500,19.954500,"Apoteka Pod Orlem, Kraków, Poland",Sitio,15 PLN (≈€3.5),"La única farmacia que siguió atendiendo en el gueto, operada por Tadeusz Pankiewicz; ahora pequeño museo: ~15 PLN (verificar)",,,
Cracovia,Plac Centralny,Solo mapeado,50.072641,20.036828,"Plac Centralny, Kraków, Poland",Sitio,,La gran plaza central del diseño soviético; la fuente y los edificios son fotogénicos,,,
Cracovia,Arka Pana (Iglesia del Arca),Solo mapeado,50.084044,20.029934,"Arka Pana, Kraków, Poland",Iglesia,,Construida clandestinamente contra la voluntad del gobierno comunista; símbolo de resistencia polaca,,,
Cracovia,Bar Mleczny Centralny,Solo mapeado,50.073344,20.037421,"Bar Mleczny Centralny, Kraków, Poland",Sitio,,El milk bar más conocido de Nowa Huta (ver sección milk bars abajo),,,Ir antes de las 14:00
Cracovia,Planty,Quiero ir,50.060209,19.941907,"Planty, Kraków, Poland",Sitio histórico,Gratis,El anillo de jardines que rodea todo el casco histórico (donde estaban las murallas medievales derribadas en s. XIX); paseo de 4km imprescindible; GRATIS — conecta todos los barrios del centro,,No necesaria,
Cracovia,Kościół Mariacki (Basílica de Santa María),Quizás,50.061600,19.939300,"Kościół Mariacki, Kraków, Poland",Iglesia,15 PLN (≈€3.5),"El retablo gótico de madera más grande del mundo (Veit Stoss, s. XV); 15 PLN entrar al interior; el trompetista toca el hejnał desde la torre cada hora (anécdota histórica: se interrumpe abruptamente en memoria del trompetista medieval flechado por los mongoles)",,,
Cracovia,Floriańska Gate y Barbican,Solo mapeado,50.065500,19.941500,"Floriańska Gate y Barbican, Kraków, Poland",Sitio histórico,10 PLN (≈€2.3),"Las puertas medievales de la ciudad, las únicas que quedan; ~10 PLN para las torres; el Barbican es una de las fortalezas medievales mejor conservadas de Europa",,,
Cracovia,Zakrzówek,Solo mapeado,50.039500,19.915500,"Zakrzówek, Kraków, Poland",Sitio histórico,Gratis,Antigua cantera inundada convertida en lago de agua turquesa cristalina; los locales van a nadar y relajar en verano/principios de otoño; en octubre puede hacer frío para bañarse pero las vistas siguen siendo espectaculares; GRATIS — llevar snacks y cerveza (ambiente muy relajado),,No necesaria,
Budapest,Parlamento (Országház),Quiero ir,47.507100,19.045700,"Hungarian Parliament Building, Budapest, Hungary",Sitio histórico,"14,000 HUF (≈€35)","El edificio de parlamento más grande de Europa (528 salas); icónico iluminado de noche junto al Danubio; todas las visitas incluyen tour obligatorio — no-EEA: 14, 000 HUF adulto / 7, 000 HUF estudiante; EEA/EU: 7, 000 HUF / 3, 500 HUF — tickets se agotan 1-3 semanas antes; reservar online obligatorio",https://jegymester.hu/production/480000/hungarian-parliament-building-parliament-visit/48245048,Obligatoria,
Budapest,Andrássy Út,Solo mapeado,47.508269,19.067768,"Andrássy Avenue, Budapest, Hungary",Sitio histórico,Gratis,"La ""Champs-Elysées"" de Budapest; Patrimonio UNESCO; corre desde la Plaza de los Héroes hasta el centro; la Ópera Estatal húngara (Magyar Állami Operaház) está en esta avenida; pasear y ver la arquitectura es gratis; tours de la Ópera: ~4, 000-6, 000 HUF (verificar en opera.hu)",,No necesaria,
Budapest,Zapatos en el Danubio (Cipők a Duna-parton),Solo mapeado,47.503300,19.044800,"Shoes on the Danube Bank, Budapest, Hungary",Sitio histórico,Gratis,Memorial de 60 pares de zapatos de hierro en la orilla del Danubio en recuerdo de los judíos fusilados aquí por las Arrow Cross en 1944-45; uno de los memoriales más sobresalientes de Europa; GRATIS; entre el Parlamento y el Puente de las Cadenas,,No necesaria,
Budapest,Casa del Terror (Terror Háza),Solo mapeado,47.506897,19.065019,"House of Terror, Budapest, Hungary",Sitio histórico,"4,500 HUF (≈€11)","Museo en el ex cuartel general de la Arrow Cross (nazis húngaros) y luego del ÁVO (policía secreta comunista); historia brutal y poderosa; ~4, 500 HUF adulto (verificar en terrorhaza.hu); muy bien montado; en Andrássy Út 60",,,
Budapest,Bastión de los Pescadores (Halászbástya),Quiero ir,47.502100,19.034800,"Fisherman's Bastion, Budapest, Hungary",Sitio histórico,"1,700 HUF (≈€4)","Terraza neo-romántica con las mejores vistas del Parlamento y el Danubio de toda la ciudad; : 1, 700 HUF adulto; acceso al nivel inferior (las galerías abiertas con la vista): GRATIS; GRATIS; llegar 30min antes del atardecer para conseguir sitio en el mirador",,,Mejor al atardecer; Después de las 19:00
Budapest,Castillo de Buda (Budavári Palota),Quiero ir,47.495991,19.039801,"Buda Castle, Budapest, Hungary",Monumento,Gratis,"El complejo palacial sobre la colina es impresionante de ver; los patios y jardines son GRATIS; dentro alberga el Museo Nacional de Historia Húngara y la Galería Nacional; subir a pie (30min desde el puente, agradable) o en funicular",,No necesaria,
Budapest,Colina Gellért (Gellért-hegy),Solo mapeado,47.486916,19.044562,"Gellért Hill, Budapest, Hungary",Sitio histórico,Gratis,El mirador con las mejores vistas 360° de toda la ciudad; la Estatua de la Libertad (Szabadság-szobor) en la cima; sube caminando en 30-40min desde la base: GRATIS — imprescindible,,No necesaria,Mejor al atardecer o al amanecer
Budapest,Margit-sziget (Isla Margarita),Quizás,47.526919,19.047821,"Margaret Island, Budapest, Hungary",Excursión,Gratis,"Isla de 2.5km de largo en el centro del Danubio; parque, fuente musical, ruinas medievales, piscina, pistas de atletismo; sin coches; donde los budapestinos hacen deporte y picnic: GRATIS",,No necesaria,
Budapest,Szimpla Kert,Quiero ir,47.497000,19.063300,"Szimpla Kert, Budapest, Hungary",Ruin bar,,"EL original (2001); imprescindible aunque sea turístico; múltiples patios, pisos y rincones cada uno diferente; mercado de granjeros los domingos por la mañana (10:00-14:00); es ir durante el día a ver el espacio; ir entre semana o a primera hora de la noche para fotos sin multitudes",,,
Budapest,Instant-Fogas,Solo mapeado,47.497500,19.064500,"Instant-Fogas, Budapest, Hungary",Ruin bar,,"El más grande: 2 edificios conectados, 26 salas, ~6, 000 personas de capacidad; más clubby que Szimpla; múltiples géneros musicales simultáneos; para fiesta real, no solo beber",,,
Budapest,Mazel Tov,Solo mapeado,47.498500,19.063800,"Mazel Tov, Budapest, Hungary",Ruin bar,,Más gastronómico; Israeli food excelente; jardín cubierto; para cenar + drinks; la comida aquí es de las mejores del Distrito VII,,,
Budapest,Ellátó Kert,Solo mapeado,47.498800,19.062000,"Ellátó Kert, Budapest, Hungary",Ruin bar,,"Más local, menos turístico; jardín bonito; para una noche más tranquila con cerveza y conversación",,,
Budapest,Anker't,Solo mapeado,47.499500,19.058500,"Anker't, Budapest, Hungary",Ruin bar,,Más alternativo/hipster; buenos eventos y conciertos; para cuando querés algo con curación musical,,,
Budapest,Gólya (Corvin köz),Solo mapeado,47.486500,19.072000,"Gólya, Budapest, Hungary",Ruin bar,,"Centro social y cultural alternativo; los locales que huyen del turismo del Distrito VII vienen aquí; punk-rock, eventos comunitarios, precio de cerveza muy bajo",,,
Budapest,Auróra,Solo mapeado,47.492500,19.070500,"Auróra, Budapest, Hungary",Ruin bar,,ONG + bar alternativo; comunidad LGBTQ+ friendly; eventos culturales frecuentes; uno de los espacios más interesantes de Budapest más allá del circuito turístico,,,
Budapest,Memento Park (Szoborpark),Solo mapeado,47.426400,18.999700,"Memento Park, Budapest, Hungary",Parque,"2,500-3,000 HUF (≈€6.2)","Museo al aire libre con las estatuas monumentales soviéticas que fueron removidas de las plazas en 1989; fuera de la ciudad (~30min en bus); único en Europa: ~2, 500-3, 000 HUF (verificar en mementopark.hu) — imprescindible para los que disfrutan la historia comunista",,No necesaria,
Budapest,Óbuda,Solo mapeado,47.538518,19.039734,"Óbuda, Budapest, Hungary",Puente,Gratis,"La ""tercera ciudad"" (además de Buda y Pest); la más antigua; barrio tranquilo con casas barrocas y ambiente de pueblo; Fő tér (plaza principal) es muy pintoresca; muy pocos turistas",,No necesaria,
Budapest,Kertész utca y Dob utca,Solo mapeado,47.499000,19.063500,"Kertész utca y Dob utca, Budapest, Hungary",Puente,Gratis,Las calles paralelas al Szimpla con el mejor ambiente local del Distrito VII; para cuando querés algo más auténtico que la calle principal,,No necesaria,
Budapest,Kazinczy utca (no confundir con Kazimierz),Solo mapeado,47.497500,19.062500,"Kazinczy utca, Budapest, Hungary",Puente,Gratis,"La calle central del Distrito VII; arquitecturas de principios del s. XX impresionantes; mezcla de ruin bars, restaurantes israelíes y sinagogas históricas",,No necesaria,
Budapest,Corvin Mozi (Cine Corvin),Solo mapeado,47.485500,19.069500,"Corvin Mozi, Budapest, Hungary",Puente,Gratis,El cine más hermoso de Budapest (años 20); arquitectura Art Déco; ver una película si la programación lo permite,,No necesaria,
Budapest,Széchenyi,Quiero ir,47.518100,19.082500,"Széchenyi Thermal Bath, Budapest, Hungary",Termas,"13,200 HUF (≈€33)","~13, 200 HUF semana / ~14, 800 HUF finde (locker); Neo-barroco enorme, piscinas exteriores amarillas, muy turístico; Primera vez, fotos icónicas",,,
Budapest,Rudas,Quiero ir,47.489000,19.047500,"Rudas Baths, Budapest, Hungary",Termas,"11,000-12,000 HUF (≈€28)","~11, 000-12, 000 HUF semana; Otomano original (s. XVI), cúpula con luz cenital, rooftop con vista al Danubio; Experiencia histórica + atmosférica",,,
Budapest,Lukács,Quizás,47.518000,19.037000,"Lukács Baths, Budapest, Hungary",Termas,"7,000-8,000 HUF (≈€18)","~7, 000-8, 000 HUF semana / ~8, 000-9, 000 HUF finde (locker); Más local, menos show, patio exterior tranquilo; Si querés menos turistas",,,
Budapest,Dandár,Solo mapeado,47.479500,19.068500,"Dandár Baths, Budapest, Hungary",Termas,"5,000-7,000 HUF (≈€12)","Verificar; Pequeño, muy local, sin turistas; La opción ""más auténtica"" según r/budapest",,,
Budapest,Király,Solo mapeado,47.507000,19.038500,"Király Baths, Budapest, Hungary",Termas,"8,000 HUF (≈€20)","Verificar; Otomano pequeño, menos turístico, histórico; Experiencia tranquila",,,
Friburgo,Campus Universidad,Solo mapeado,47.994500,7.846000,"Universität Freiburg, Freiburg im Breisgau, Germany",Sitio,Gratis,Una de las universidades más antiguas de Alemania (1457); 25.000 estudiantes hacen de Friburgo una ciudad siempre joven; el campus histórico junto a la Altstadt vale un paseo,,No necesaria,
Friburgo,Kunsthalle Freiburg,Solo mapeado,47.996500,7.842500,"Kunsthalle Freiburg, Freiburg im Breisgau, Germany",Museo,Gratis,El centro de arte contemporáneo de Friburgo; exposiciones temporales de artistas alemanes e internacionales,,No necesaria,
Friburgo,Simonswälder Tal,Quizás,48.100000,8.050000,"Simonswald, Freiburg im Breisgau, Germany",Trekking,Gratis,La alternativa menos masificada a Triberg para cascadas; valle tranquilo con sendero de 3-4h; muy recomendado en foros alemanes como alternativa a los puntos turísticos masivos,,No necesaria,
Interlaken,Berna,Quizás,46.948000,7.447400,"Bern, Interlaken, Switzerland",Ciudad,Gratis,"Capital medieval a ~40 min en tren; Zytglogge, las Lauben (6 km de arcadas), foso de los osos; parada de 3–4h sin dormir; Eurail cubre",,No necesaria,
Lauterbrunnen,Staubbach Falls,Quiero ir,46.594500,7.907500,"Staubbach Falls, Lauterbrunnen, Switzerland",Naturaleza,Gratis,La cascada de 297 m de caída libre que cae sobre el pueblo; se camina hasta el pie y se sube a una galería/cueva detrás del agua (abierta en temporada); GRATIS,,No necesaria,
Lauterbrunnen,Birg (Thrill Walk),Solo mapeado,46.560000,7.870000,"Birg, Lauterbrunnen, Switzerland",Mirador,Incluido,"Pasarela y piso de vidrio pegados al acantilado, camino al Schilthorn; incluido en el ticket",,No necesaria,
Lucerna,Altstadt de Lucerna,Solo mapeado,47.052000,8.307000,"Altstadt, Luzern, Switzerland",Casco histórico,Gratis,"Muralla, fachadas pintadas, Weinmarkt y Kornmarkt; uno de los cascos más bonitos de Suiza; GRATIS",,No necesaria,
Lucerna,Lion Monument,Solo mapeado,47.058300,8.310600,"Löwendenkmal, Luzern, Switzerland",Sitio histórico,Gratis,"El León moribundo tallado en roca viva (1820), a los mercenarios suizos caídos en la Revolución Francesa; Mark Twain lo llamó ""la escultura más triste del mundo""; a ~10 min a pie; GRATIS",,No necesaria,
Lucerna,Paseo del lago,Solo mapeado,47.052500,8.315000,"Vierwaldstättersee, Luzern, Switzerland",Paseo,Gratis,Promenade con vista a las montañas desde la estación hacia el este; GRATIS,,No necesaria,
Lucerna,Monte Pilatus,Solo mapeado,46.979000,8.253000,"Mount Pilatus, Luzern, Switzerland",Excursión,CHF 75-92 (≈€80),"Tren de cremallera más empinado del mundo + teleférico (excursión circular); CHF 75–92 i+v según ruta; ~4–5h — no cabe en un stopover, solo si te quedás a dormir",,,
Innsbruck,Catedral de Santiago (Dom zu St. Jakob),Quiero ir,47.269500,11.394500,"Dom zu St. Jakob, Innsbruck, Austria",Iglesia,Gratis,Principal iglesia de Innsbruck; interior barroco de Asam con un fresco del techo extraordinario; una de las cúpulas pintadas más bonitas del Tirol: GRATIS,,No necesaria,
Innsbruck,Arco del Triunfo (Triumphpforte),Quiero ir,47.262500,11.398000,"Triumphpforte, Innsbruck, Austria",Sitio histórico,Gratis,Arco del s. XVIII al sur del centro; tiene dos caras con simbolismo opuesto (boda real / muerte del Emperador); fácil de ver al pasar: GRATIS,,No necesaria,
Innsbruck,Hofkirche (Iglesia de la Corte),Solo mapeado,47.268500,11.395500,"Hofkirche, Innsbruck, Austria",Iglesia,€8-10,"La tumba vacía de Maximiliano I rodeada de 28 estatuas de bronce de tamaño natural (las ""figuras negras"") — algunas de las mejores esculturas del Renacimiento alemán; ~€8-10 adulto (verificar en hofkirche.at)",,,
Innsbruck,Mariahilfstrasse,Solo mapeado,47.270500,11.388000,"Mariahilfstrasse, Innsbruck, Austria",Sitio,Gratis,"La calle comercial de los lugareños; al norte del río Inn, en el barrio de Mariahilf; sin turistas y con el ambiente local cotidiano de Innsbruck: GRATIS",,No necesaria,
Innsbruck,Wiltener Basilika,Solo mapeado,47.253500,11.398500,"Wiltener Basilika, Innsbruck, Austria",Sitio,Gratis,La basílica de peregrinación barroca del barrio de Wilten; menos conocida que el Dom pero más íntima y con mejores frescos; a 15 min a pie del centro: GRATIS,,No necesaria,
Innsbruck,Tiroler Volkskunstmuseum,Solo mapeado,47.268500,11.395800,"Tiroler Volkskunstmuseum, Innsbruck, Austria",Museo,€9,"El museo de arte popular tirolés junto a la Hofkirche; trajes regionales, muebles pintados, nacimientos; ~€9 adulto (a menudo incluido en combo con Hofkirche)",,,
Viena,Catedral San Esteban (Stephansdom),Quiero ir,48.208500,16.373000,"St. Stephen's Cathedral, Wien, Austria",Iglesia,Gratis,"Interior gratis; Torre Sur (343 peldaños, mejores vistas de Viena): €6 adulto; Torre Norte (ascensor, campana Pummerin): €8; catacumbas: €7; combo todo: €20 con audioguía; el techo de azulejos es mejor desde el frente de la Stephansplatz",,No necesaria,Llegar antes de las 9am para foto sin gente
Viena,Prater verde (Hauptallee),Solo mapeado,48.210000,16.400000,"Hauptallee, Wien, Austria",Parque,Gratis,"4.5km de avenida arbolada; ideal para correr, bicicleta o pasear; gratis; en otoño con las hojas amarillas es espectacular",,No necesaria,
Viena,MUMOK (MuseumsQuartier),Solo mapeado,48.203600,16.357500,"MUMOK, Wien, Austria",Museo,€25,Arte moderno y contemporáneo; combo con Leopold €25 (3 días),,,
Praga,Barrio Judío (Josefov),Quiero ir,50.090000,14.421000,"Josefov, Praha, Czechia",Barrio,700 CZK (≈€28),"El barrio judío mejor conservado de Europa Central; combo (4 sinagogas: Maisel, Pinkas, Española, Staronová + Cementerio Judío Viejo): 700 CZK; audioguía +250 CZK; válido 3 días; cerrado sábados — el Cementerio Viejo es uno de los lugares más sobrecogedores de toda Europa: 12 capas de enterramientos superpuestas a lo largo de 300 años; el Josefov vale el precio según prácticamente todo r/prague",https://www.jewishmuseum.cz/en/info/visit/admission/,No necesaria,
Praga,Letná (Letenské sady),Quizás,50.096500,14.416500,"Letenské sady, Praha, Czechia",Barrio,Gratis,Parque amplio sobre el Moldava con la mejor vista panorámica sobre el río y los puentes de toda Praga; ideal para atardecer,,No necesaria,
Cracovia,Barrio Judío (Kazimierz),Quiero ir,50.051500,19.945500,"Kazimierz, Kraków, Poland",Barrio,Gratis,Ex barrio judío histórico; ahora el barrio más bohemio de Cracovia; historia profunda + vida nocturna + mejores bares de la ciudad; ver sección dedicada más abajo,,No necesaria,
Cracovia,Sinagoga Vieja (Stara Synagoga),Solo mapeado,50.051300,19.948500,"Old Synagogue, Kraków, Poland",Iglesia,18 PLN (≈€4.2),La sinagoga más antigua de Polonia (s. XV); ahora museo de historia judía: ~18 PLN adulto (verificar en muzeumkrakowa.pl); cerrado sábados,,,
Cracovia,Sinagoga Remuh y Cementerio Remuh,Solo mapeado,50.052500,19.947500,"Remuh Synagogue, Kraków, Poland",Iglesia,15 PLN (≈€3.5),La única sinagoga activa de Kazimierz; el cementerio es sobrecogedor: 15 PLN entrada,,,
Cracovia,Ulica Szeroka,Quizás,50.052500,19.948500,"Ulica Szeroka, Kraków, Poland",Sitio,,"La calle principal del barrio judío histórico; café Alchemia en la esquina, bares con historia en cada número",,,
Cracovia,Plaza de los Héroes del Gueto (Plac Bohaterów Getta),Solo mapeado,50.045500,19.953500,"Plac Bohaterów Getta, Kraków, Poland",Plaza,Gratis,Memorial con 70 sillas de metal vacías que representan a los judíos deportados desde aquí al campo de exterminio de Bełżec y Auschwitz; uno de los memoriales más poderosos de Europa; GRATIS,,No necesaria,
Cracovia,Avenida Solidarności,Solo mapeado,50.070000,20.040000,"Avenida Solidarności, Kraków, Poland",Sitio,,El eje principal con bloques de apartamentos monumentales,,,
Cracovia,Barrio Universitario (Collegium Maius),Quizás,50.061500,19.933500,"Collegium Maius, Kraków, Poland",Barrio,Gratis,"La Universidad Jaguelónica (1364), la segunda más antigua de Europa Central; Copérnico estudió aquí; el patio del Collegium Maius se puede visitar: GRATIS exterior; museo interior con visitas guiadas (~30 PLN)",,No necesaria,
Cracovia,"Galería de Arte Polaco del s. XIX (Sukiennice, planta alta)",Solo mapeado,50.061700,19.937500,"Sukiennice, Kraków, Poland",Museo,15 PLN (≈€3.5),Dentro del Cloth Hall; cuadros históricos monumentales de la escuela polaca; ~15 PLN (verificar); sorprende a muchos que no lo esperaban,,,
Cracovia,MOCAK,Solo mapeado,50.047000,19.961000,"MOCAK, Kraków, Poland",Sitio histórico,25 PLN (≈€5.9),"Museo de Arte Contemporáneo de Cracovia; en Podgórze, a pasos de la Fábrica de Schindler; excelente arquitectura y colección; ~25 PLN (verificar); gratis el martes",,,
Budapest,Basílica de San Esteban (Szent István-bazilika),Quiero ir,47.500900,19.054000,"St. Stephen's Basilica, Budapest, Hungary",Iglesia,Gratis,"La basílica neoclásica más grande de Hungría; interior impresionante; tiene la mano derecha momificada de San Esteban (primera reliquia del país); entrada gratis a la basílica; panorama desde el campanario: ~1, 200 HUF aprox; la terraza delantera en septiembre/octubre está llena de locales",,No necesaria,
Budapest,Gran Sinagoga (Dohány utcai zsinagóga),Solo mapeado,47.496000,19.060500,"Dohány Street Synagogue, Budapest, Hungary",Iglesia,"8,000 HUF (≈€20)","La más grande de Europa (3, 000 personas); en el barrio judío (Distrito VII); museo de historia judía en el interior; jardín del memorial con el Árbol de la Vida (escultura de Imre Varga con hojas con nombres de víctimas del Holocausto): ~8, 000 HUF adulto (verificar en dohany-zsinagoga.hu)",,,
Budapest,Mercado Central (Nagy Vásárcsarnok),Quiero ir,47.486900,19.058700,"Central Market Hall, Budapest, Hungary",Mercado,Gratis,"El mercado cubierto más grande de Budapest; planta baja: productos frescos, carnicerías, puestos locales (auténtico); planta alta: turística pero conveniente para lángos y souvenirs; hermosa arquitectura de hierro y cerámica de Zsolnay: GRATIS entrar",,No necesaria,
Budapest,Plaza de los Héroes (Hősök tere),Solo mapeado,47.515000,19.077500,"Heroes' Square, Budapest, Hungary",Plaza,Gratis,Al final del Andrássy Út; el monumento del Milenio con los jefes tribales húngaros; impresionante y fotogénico; gratis,,No necesaria,
Budapest,Iglesia de Matías (Mátyás-templom),Quizás,47.501900,19.034300,"Matthias Church, Budapest, Hungary",Iglesia,"3,000-4,000 HUF (≈€7.5)","Interior con azulejos de colores de Zsolnay impresionante; estilo neo-gótico; todas las coronaciones reales húngaras se celebraron aquí: ~3, 000-4, 000 HUF (verificar precio actualizado en matyas-templom.hu); conciertos de órgano frecuentes",,,
Budapest,Puente de las Cadenas (Széchenyi Lánchíd),Quiero ir,47.498900,19.043700,"Széchenyi Chain Bridge, Budapest, Hungary",Puente,Gratis,El puente más famoso de Budapest; caminarlo de noche cuando está iluminado; símbolo histórico de la unificación de Buda y Pest,,No necesaria,
Budapest,Puente de la Libertad (Szabadság híd),Solo mapeado,47.485500,19.049500,"Liberty Bridge, Budapest, Hungary",Iglesia,,"El más estético según muchos (verde, hierro fundido ornamentado); los locales se sientan en las vigas en verano/principios de otoño a ver el atardecer; abierto a peatones",,,
Budapest,Ruinas del Anfiteatro Romano (Aquincum),Solo mapeado,47.566500,19.049500,"Aquincum, Budapest, Hungary",Puente,"2,000 HUF (≈€5)","El Budapest romano; ruinas extensas que pocos turistas visitan; en el norte de Óbuda; museo arqueológico: ~2, 000 HUF (verificar)",,No necesaria,
Liubliana,Prešernov trg (Plaza Prešeren),Quizás,46.051376,14.505990,"Prešernov trg, Ljubljana, Slovenia",Sitio,Gratis,La plaza central de Liubliana; la Iglesia Franciscana rosada domina el fondo; el Triple Puente (Tromostovje) al frente — diseñado por Jože Plečnik en los años 30; en otoño la plaza está llena de hojas amarillas: GRATIS,,No necesaria,
Liubliana,Puente del Dragón (Zmajski most),Quiero ir,46.051932,14.510414,"Zmajski most, Ljubljana, Slovenia",Sitio,Gratis,"El símbolo de la ciudad; construido en 1901 en estilo Art Nouveau/Secesión; cuatro dragones de cobre en las esquinas — según la leyenda fundacional de la ciudad, Jasón y los Argonautas mataron aquí al dragón; leyenda local: si una virgen cruza el puente, los dragones mueven la cola; GRATIS",,No necesaria,
Liubliana,Castillo de Liubliana (Ljubljanski grad),Quiero ir,46.048782,14.508538,"Ljubljanski grad, Ljubljana, Slovenia",Sitio,Gratis,"Fortaleza medieval con vistas 360° sobre la ciudad y los Alpes en el horizonte; se puede subir a pie por el bosque (15-20 min, GRATIS) o en funicular (€3.50 ida / €6 ida+vuelta); la Torre de Observación y las exhibiciones dentro del castillo tienen ticket separado: €10 adulto / €7 menores (incluye Virtual Castle + Museo de Marionetas + Historia de Eslovenia)…",https://www.ljubljanskigrad.si/en/plan-your-visit/price-list/,No necesaria,
Liubliana,Plečnikove Arkade (Mercado Central),Quizás,46.051396,14.508070,"Plečnikove arkade, Ljubljana, Slovenia",Sitio,Gratis,Arcadas diseñadas por Plečnik a orillas del Ljubljanica; el mercado de verduras y productos locales; los viernes por la tarde (primavera-otoño) hay Odprta Kuhna (Open Kitchen) con food trucks de cocina eslovena e internacional — verificar si en octubre todavía está activo (suele cerrar en noviembre): GRATIS entrar,,No necesaria,
Liubliana,Río Ljubljanica (paseo orillas),Solo mapeado,46.009171,14.487358,"Ljubljanica, Ljubljana, Slovenia",Sitio,Gratis,El río verde jade que atraviesa el casco histórico; las terrazas de los cafés abarcan ambas orillas de Gallusovo and Cankarjevo nabrežje; sin duda el corazón social de la ciudad en días de buen tiempo; GRATIS,,No necesaria,
Liubliana,Stari trg y Mestni trg,Solo mapeado,46.046713,14.506748,"Stari trg, Ljubljana, Slovenia",Sitio,Gratis,"Las dos calles principales de la Ciudad Vieja conectadas; adoquines, casas barrocas, tiendas independientes; la fuente de Hércules y el Ayuntamiento en Mestni trg; GRATIS",,No necesaria,
Liubliana,Plečnikova hiša (Casa Plečnik),Solo mapeado,46.042365,14.502127,"Plečnikova hiša, Ljubljana, Slovenia",Museo,€6,"La casa del arquitecto que diseñó casi toda Liubliana moderna (mercado, Triple Puente, biblioteca, estadio); una visita guiada por su estudio y jardín; ~€6 adulto (verificar en mgml.si); imprescindible si les interesa la arquitectura",,,
Liubliana,Galería Nacional de Eslovenia (Narodna Galerija),Solo mapeado,46.052072,14.499536,"Narodni muzej Slovenije, Ljubljana, Slovenia",Museo,€6-8,Arte esloveno del s. XIV al XX en un edificio precioso; ~€6-8 adulto (verificar en ng-slo.si); gratis algunos días festivos,,,
Liubliana,Moderna Galerija (MG+MSUM),Solo mapeado,46.052968,14.498762,"Moderna Galerija, Ljubljana, Slovenia",Museo,€7,Arte moderno y contemporáneo esloveno e internacional; ~€7 adulto (verificar); una de las colecciones de arte socialista más importantes de Europa,,,
Liubliana,BTC City,Solo mapeado,46.064203,14.544492,"Tržnica BTC City, Ljubljana, Slovenia",Museo,,"El centro comercial más grande de Eslovenia; útil para conocer la vida ""moderna"" local si se quiere un contraste con el casco histórico; también hay patinaje sobre hielo en invierno",,,
Liubliana,Tivoli Park,Solo mapeado,46.055146,14.495728,"Park Tivoli, Ljubljana, Slovenia",Naturaleza,Gratis,"El parque más grande de Liubliana (~5km²); diseñado en el s. XIX; la Jakopič Promenade (avenida central) tiene exhibiciones fotográficas al aire libre permanentes, siempre gratis; los senderos hacia Rožnik Hill (tiempo ~30min desde el parque) dan vistas de la ciudad; GRATIS",,No necesaria,
Liubliana,Barrio Trnovo,Solo mapeado,46.041719,14.503884,"Četrtna skupnost Trnovo, Ljubljana, Slovenia",Naturaleza,Gratis,"Junto a Krakovo; bohemio y tranquilo; el Puente de Trnovo (otro diseño Plečnik, con una hilera de arbustos encima) sobre el canal; GRATIS",,No necesaria,
Lagos Alpinos,Miradores Ojstrica + Mala Osojnica,Quiero ir,46.359633,14.078458,"Ojstrica, Bled, Slovenia",Lago,Gratis,LA foto icónica (lago + isla + castillo desde arriba) — → ficha en ../trekkings.md (#12),,No necesaria,
Lagos Alpinos,Bled Island (isla),Quizás,46.362293,14.090048,"Blejski otok, Bled, Slovenia",Lago,Gratis,"la única isla natural de Eslovenia, con la iglesia de la Asunción y su ""campana de los deseos"" — se llega en pletna o bote de remos",,No necesaria,
Lagos Alpinos,Bled Castle / Blejski grad,Quizás,46.369703,14.100521,"Blejski grad, Bled, Slovenia",Lago,€19,"castillo medieval sobre un acantilado a 130 m del lago; museo, imprenta y bodega — vale especialmente con cielo despejado por las vistas — €19",https://www.blejski-grad.si/en/plan-your-visit/price-list/,No necesaria,
Lagos Alpinos,Orillas del lago Bohinj,Quiero ir,46.282265,13.864531,"Bohinjsko jezero, Ribčev Laz, Slovenia",Lago,Gratis,"paseo suave por la costa (Ribčev Laz, iglesia de San Juan Bautista con su puente de piedra) — 1–2 h + fotos + café — GRATIS",,No necesaria,
Lagos Alpinos,Slap Savica (cascada Savica),Quizás,46.283727,13.842399,"Savica, Ukanc, Slovenia",Lago,€4,"la cascada que alimenta el lago, en forma de ""A""; subida corta pero con ~550 escalones — 45–75 min ida y vuelta — entrada ~€4 (verificar)",,No necesaria,
Lagos Alpinos,Mostnica Gorge + Valle de Voje,Quizás,46.298117,13.885490,"Korita Mostnice, Stara Fužina, Slovenia",Lago,Gratis,"garganta turquesa + valle glaciar, ideal en día gris — → ficha en ../trekkings.md (#7)",,No necesaria,
Lagos Alpinos,Vogar (mirador sobre el lago),Solo mapeado,46.299885,13.866653,"Planina Zgornji Vogar, Bohinj, Slovenia",Lago,Gratis,"la vista ""de postal"" de Bohinj desde arriba — → ../trekkings.md (#10) (buena alternativa ahora que Vogel está cerrado)",,No necesaria,
Lagos Alpinos,Iglesia de San Juan Bautista (Sv. Janez Krstnik),Solo mapeado,46.390442,14.109666,"Sveti Janez Krstnik, Zasip, Slovenia",Lago,Gratis,"la iglesia junto al puente de piedra, postal clásica de Bohinj — GRATIS (exterior)",,No necesaria,
Lagos Alpinos,Vintgar Gorge,Quiero ir,46.398617,14.092748,"Soteska Vintgar, Podhom, Slovenia",Sitio,€15,"€15 adulto, entrada con franja horaria (slot) comprada online — contá ~2–3 h total (garganta + regreso por sendero)",https://www.vintgar.si/en/my-visit/pricelist/,Recomendada,
Lagos Alpinos,Radovljica,Solo mapeado,46.343509,14.172023,"Radovljica, Slovenia",Sitio,Gratis,"casco medieval bellísimo a ~10 min de Bled, con el único foso de ciudad conservado de Eslovenia — GRATIS callejear",,No necesaria,
Lagos Alpinos,Kropa,Solo mapeado,46.291089,14.204703,"Kropa, Slovenia",Sitio,,"pueblo herrero histórico (forja de hierro), muy pintoresco y poco turístico",,,
Lagos Alpinos,Kranjska Gora + Vršič,Solo mapeado,46.491065,13.871680,"Vršič, Kranjska Gora, Slovenia",Sitio,,"si vas/venís del Soča, la subida al paso Vršič y sus miradores (ver trekkings.md)",,,
Lagos Alpinos,Pokljuka (meseta),Solo mapeado,46.344147,13.921891,"Športni center Triglav Pokljuka, Bohinj, Slovenia",Sitio,,bosques de altura y aire nórdico; base de varios treks del TNP,,,
Karst y Cuevas,Škocjan Caves (UNESCO),Solo mapeado,45.666551,13.978656,"Škocjanske jame, Matavun, Slovenia",Cueva,€23,el cañón subterráneo más espectacular de Europa: el río Reka excava una garganta gigante que se cruza por un puente a 45 m sobre el agua — tour guiado a pie con muchos escalones — ~€23 adulto (verificar mes),,,
Karst y Cuevas,Postojna Cave,Solo mapeado,45.782711,14.203855,"Postojnska jama, Veliki Otok, Slovenia",Cueva,€33.50,"la cueva-show más famosa: tren eléctrico dentro + salas enormes con formaciones y el ""Brillante""; hogar del proteus (dragón bebé) — tour ~1h30 — ~€33.50 adulto solo cueva",https://www.postojnska-jama.eu/en/tickets/,Recomendada,
Karst y Cuevas,Predjama Castle,Solo mapeado,45.815734,14.126592,"Predjamski grad, Predjama, Slovenia",Cueva,€46-48,"el castillo medieval encajado en la boca de una cueva (500 años), muy fotogénico — se puede combinar con Postojna (combo con ~25% dto) — combo Postojna+Predjama ~€46–48 (verificar)",https://tickets.postojnska-jama.eu/en/postojna-cave-predjama-castle/pack-107.html,Recomendada,
Karst y Cuevas,Križna jama,Solo mapeado,45.745231,14.467352,"Križna jama, Bloška Polica, Slovenia",Cueva,,"cueva de lagos subterráneos que se recorre en bote (tour básico ~1 h, o tours largos con reserva) — mucho más íntima y natural que Postojna, cupo limitado, reservar",,,
Karst y Cuevas,Rakov Škocjan,Solo mapeado,45.786116,14.299133,"Rakov Škocjan, Cerknica, Slovenia",Cueva,Gratis,"valle kárstico con puentes naturales (arcos de roca) y senderos fáciles, sin ticket de cueva — sendero educativo circular ~6 km / ~3 h — GRATIS",,No necesaria,
Karst y Cuevas,Lago Cerknica (Cerkniško jezero),Solo mapeado,45.741074,14.376964,"Cerkniško jezero, Otok, Slovenia",Cueva,Gratis,"el lago intermitente más famoso de Europa: aparece y desaparece según la estación (en otoño con lluvias suele ""llenarse"") — paseo por el parque de Notranjska, aves — GRATIS",,No necesaria,
Karst y Cuevas,Vilenica,Solo mapeado,45.680775,13.921425,"Povir, Lokev, Slovenia",Cueva,,una de las cuevas turísticas más antiguas de Europa (menos visitada); verificar días de apertura,,,
Valle del Soča,Tolminska korita / Tolmin Gorges,Quizás,46.182921,13.733338,"Tolmin, Slovenia",Naturaleza,€8,"la garganta más al sur del Triglav NP (puentes, Cueva del Diablo, ""Cabeza del Oso"", termal) — cinematográfica incluso con mal clima — €8 temporada baja",,No necesaria,
Valle del Soča,Slap Kozjak,Solo mapeado,46.259103,13.590393,"Slap Kozjak, Kobarid, Slovenia",Naturaleza,Gratis,"una de las cascadas más bonitas del país, cae en una cámara de roca semicerrada — acceso desde Kobarid, entrada/parking estacional (verificar) — ida y vuelta 45–75 min",,No necesaria,
Valle del Soča,Slap Virje,Quizás,46.334916,13.513972,"Slap Virje, Plužna, Slovenia",Naturaleza,Gratis,"(Bovec) - cascada de postal que cae sobre una poza turquesa, muy corta (5–10 min desde el parking) — parking oficial por Plužna (camino angosto) — GRATIS",,No necesaria,
Valle del Soča,Slap Boka,Quizás,46.322211,13.481585,"Slap Boka, Žaga, Slovenia",Naturaleza,Gratis,"(Bovec–Žaga) - la cascada más caudalosa de Eslovenia (~106 m) — mirador rápido desde la ruta (10–20 min) o sendero a miradores (1.5–2.5 h, empinado) — GRATIS",,No necesaria,
Valle del Soča,Velika korita Soče (Gran Garganta),Quizás,46.338444,13.646209,"Velika Korita Soče, Soča, Slovenia",Naturaleza,Gratis,el turquesa a full con esfuerzo mínimo — → ficha completa en ../trekkings.md (#4),,No necesaria,
Valle del Soča,Šunikov vodni gaj / Šunik Water Grove,Quizás,46.312751,13.658013,"Šunikov vodni gaj parkirišče, Bovec, Slovenia",Naturaleza,Gratis,"(Trenta) - ""bosque de agua"" con cascaditas y musgo, mini-loop 20–45 min — perfecto si el día está gris — GRATIS",,No necesaria,
Valle del Soča,Kobariški muzej / Museo de Kobarid,Quizás,46.245546,13.579170,"Kobarid, Slovenia",Sitio histórico,€7,el imperdible cultural del valle; cuenta las 12 batallas del Isonzo y la ruptura de Caporetto (1917) con maquetas y relatos personales — de los mejores museos de guerra de Europa según viajeros — ~€7 (verificar),https://www.kobariski-muzej.si/en/visit/entry-fee-and-opening-hours/,Recomendada,
Valle del Soča,Kobarid Historical Trail,Solo mapeado,46.252424,13.579462,"Kobariška zgodovinska pot, Kobarid, Slovenia",Sitio histórico,,"circuito que enlaza el Ossuary italiano, trincheras, el Soča y (opcional) Kozjak — → ficha en trekkings.md / desvíos (3–5 h la versión larga)",,,
Valle del Soča,SUP / baño en pozas del Soča,Solo mapeado,46.323930,13.565052,"Soča, Bovec, Slovenia",Trekking,,solo para valientes en octubre (agua muy fría),,,
Valle del Soča,Bovec,Quizás,46.338585,13.552419,"Bovec, Slovenia",Pueblo,,"base outdoor, rodeado de las cimas más altas (Kanin, Rombon).",,,
Valle del Soča,Trenta,Solo mapeado,46.380809,13.751843,"Trenta, Bovec, Slovenia",Pueblo,,"valle alto del Soča, puerta al nacimiento del río y a Vršič (info-center del TNP).",,,
Valle del Soča,Most na Soči,Solo mapeado,46.152094,13.744018,"Most na Soči, Slovenia",Pueblo,,pueblo sobre un lago-embalse esmeralda del Soča (bonito para foto/parada).,,,
Costa Eslovena,Tartinijev trg (Plaza Tartini),Solo mapeado,45.528534,13.568419,"Tartinijev trg, Piran, Slovenia",Sitio,Gratis,"+ callecitas del casco - el corazón veneciano, con la estatua del violinista Tartini — 45–90 min — GRATIS",,No necesaria,
Costa Eslovena,Murallas de Piran (Piranske obzidje),Solo mapeado,45.527085,13.570906,"Mestno obzidje, Piran, Slovenia",Sitio,€3,"las mejores vistas del casco rojo sobre el mar; subida corta — ~€3 (torniquete, efectivo) — 30–60 min",,,
Costa Eslovena,Iglesia/campanario de San Jorge (Sv. Jurij),Solo mapeado,45.529670,13.568329,"Sv. Jurij, Piran, Slovenia",Sitio,€2,mirador sobre los tejados y el Adriático (campanario estilo San Marcos) — ~€2 (verificar) — 20–40 min,,,
Costa Eslovena,Koper,Solo mapeado,45.547986,13.730478,"Koper, Slovenia",Sitio,Gratis,"la ciudad más grande de la costa; Praetorian Palace y plaza Tito venecianos; útil para dormir ""logística"" por la devolución del auto y salida a Trieste — GRATIS callejear",,No necesaria,
Costa Eslovena,Izola,Solo mapeado,45.539894,13.659390,"Izola, Slovenia",Sitio,Gratis,"ex pueblo pesquero, vibe costera tranquila y muy local (buen sitio para comer pescado sin la multitud de Piran) — GRATIS",,No necesaria,
Costa Eslovena,Portorož,Solo mapeado,45.514649,13.591011,"Portorož, Slovenia",Sitio,,"la ""riviera"" con hoteles, spa y sal termal (talasoterapia); más resort que casco histórico",,,
Costa Eslovena,Parenzana (a pie o bici),Solo mapeado,45.502641,13.593563,"Parenzana, Portorož, Slovenia",Naturaleza,Gratis,"la antigua vía ferroviaria Trieste–Poreč reconvertida en sendero costero, plano y con túneles",,No necesaria,
Costa Eslovena,Punta de Piran + faro,Solo mapeado,45.530217,13.563208,"Punta, Piran, Slovenia",Sitio,Gratis,el extremo donde el casco se mete en el mar; atardeceres — GRATIS,,No necesaria,
Valle del Soča,Walk of Peace / Pot miru,Solo mapeado,46.340924,13.583121,"The Walks of Peace, Kal-Koritnica, Slovenia",Sitio histórico,,"red de sitios WWI señalizados a lo largo del valle (trincheras, fortines, cementerios) — se puede tomar tramos sueltos en auto",,,
Liubliana,Barrio Krakovo,Solo mapeado,46.044896,14.503783,"Krakovo, Ljubljana, Slovenia",Naturaleza,Gratis,"El barrio más antiguo de Liubliana; huertas en plena ciudad a 5min del centro; calles tranquilas, casas del s. XIX; donde vivió Plečnik los últimos años; GRATIS",,No necesaria,
Karst y Cuevas,Štanjel,Solo mapeado,45.817873,13.848247,"Štanjel, Kobdilj, Slovenia",Cueva,Gratis,"uno de los pueblos-fortaleza más bonitos del Karst (piedra, castillo, el jardín Ferrari), sobre una colina — GRATIS callejear",,No necesaria,
Karst y Cuevas,Lipica + Škocjan combinados,Solo mapeado,45.500659,14.042983,"Lipica, Hrpelje-Kozina, Slovenia",Cueva,,"ambos quedan cerca (SW del Karst), buen día si venís de Postojna hacia la costa",,,
Valle del Soča,Zipline Kanin/Učja,Solo mapeado,46.310624,13.469980,"Zipline Canyon Učja, Žaga, Slovenia",Trekking,,uno de los parques de tirolesa más grandes de Europa; opera hasta mediados de octubre — confirmar fecha de cierre antes,,,
Costa Eslovena,Strunjan Nature Park (acantilados + Moon Bay),Solo mapeado,45.533873,13.616785,"Krajinski park Strunjan, Dobrava, Slovenia",Naturaleza,Gratis,"los acantilados de flysch más altos del Adriático norte, salinas y la laguna Mesečev zaliv (Moon Bay) — sendero circular ~5 km / 1.5–2 h — GRATIS",,No necesaria,
Costa Eslovena,Castillo de San Giusto + catedral,Solo mapeado,45.547496,13.733723,"Castillo de San Giusto catedral, Koper, Slovenia",Sitio,Gratis,la colina histórica con vistas — GRATIS (exterior) / museo pago,,No necesaria,
Costa Eslovena,Miramare Castle,Solo mapeado,45.702532,13.712456,"Castello di Miramare, Trieste, Slovenia",Sitio,€17,"el ""wow"" visual: castillo blanco de Maximiliano sobre el mar, con parque — €17 (museo; parque más barato/gratis según zona) — 1.5–2.5 h",https://miramare.cultura.gov.it/visita/,Recomendada,
