País	Ciudad	Link	Nombre	Puntaje	Zona	$ x noche / personas x cuarto	Extras
Inglaterra	Londres	https://www.spanish.hostelworld.com/pwa/hosteldetails.php/Destinations-Hostels-The-Gallery/London/314563?from=2026-08-05&to=2026-08-10&guests=2	Destinations Hostels @ The Gallery	9,1	Pimlico (arriba del Támesis, metro cerca)	6 personas - 42 USD	Incluye desayuno y cancelación gratuita, cortinas y guardado ok, no hay cocina (solo pequeño kitchen con microondas, café y té gratis)
Inglaterra	Londres	https://www.spanish.hostelworld.com/pwa/hosteldetails.php/St-Christopher-s-Inn-Liverpool-Street/London/271698?from=2026-08-05&to=2026-08-10&guests=2	St Christopher's Inn Liverpool Street	8,7	Entre Shoreditch y Liverpool Street	8 personas - 52 USD	Cortinas y guardado ok
Inglaterra	Londres	https://www.spanish.hostelworld.com/pwa/hosteldetails.php/Smart-Camden-Inn-Hostel/London/596?from=2026-08-05&to=2026-08-10&guests=2	Smart Camden Inn Hostel	8,3	Camden Town	9 personas | 33 USD	No hay baños comunes
Inglaterra	Londres	https://www.spanish.hostelworld.com/pwa/hosteldetails.php/Smart-Russell-Square-Hostel/London/29412?from=2026-08-05&to=2026-08-10&guests=2	Smart Russell Square Hostel	8,0	Bloomsbury	6 personas | 38 USD	Habitaciones algo pequeñas
Inglaterra	Londres	https://www.spanish.hostelworld.com/pwa/hosteldetails.php/Prime-Backpackers-Angel/London/93902?from=2026-08-05&to=2026-08-10&guests=2	Prime Backpackers Angel	8,4	Angel (entre King’s Cross y Shoreditch)	9 personas - 60 USD	Parece no tener cortinas, poco espacio de guardado
Inglaterra	Londres	https://www.spanish.hostelworld.com/pwa/hosteldetails.php/The-Walrus-Hostel/London/58378?from=2026-08-05&to=2026-08-10&guests=2	The Walrus Hostel	8,4	Sur del Támesis, cerca del metro	8 personas - 45 USD	Espacioso, camas tipo hospital, posible falta de cortinas y guardado limitado (según reseñas contradictorias)
Inglaterra	Londres	https://www.spanish.hostelworld.com/pwa/hosteldetails.php/Urban-Nomad-Camden-Town/London/505?from=2026-08-05&to=2026-08-13&guests=2	Urban Nomad - Camden Town	7,9	Camden Town	6 personas | 38 USD	Incluye desayuno. No hay fotos de los baños compartidos, pero en los comentarios dice que hay. De baja porque casi no hay cocina.
Inglaterra	Londres	https://sp.booking.com/hotel/gb/wombats-hostel-london.es-ar.html?aid=2429450&label=pagehome-see-2429450-click&sid=5fd84f3be5e98c4cc14c25b52431f6fd&all_sr_blocks=116318905_94590643_0_2_0&checkin=2026-08-05&checkout=2026-08-10&dest_id=-2601889&dest_type=city&dist=0&group_adults=1&group_children=0&hapos=1&highlighted_blocks=116318905_94590643_0_2_0&hpos=1&matching_block_id=116318905_94590643_0_2_0&nflt=price%3DUSD-min-70-1%3Bht_id%3D204%3Breview_score%3D80%3Bht_id%3D208%3Bht_id%3D203&no_rooms=1&req_adults=1&req_children=0&room1=A&sb_price_type=total&sr_order=popularity&sr_pri_blocks=116318905_94590643_0_2_0__19993&srepoch=1771884914&srpvid=d5b29c4c76eb013b&type=total&ucfs=1&#map_closed	Wombat's City Hostel	8,7	Tower of London	8 personas | 54 USD	
Inglaterra	Londres		PubLove	7,8		6 perosnas | 35 USD	No termina de quedar claro si tiene cocina. Creo que no tiene
Inglaterra	Londres		Generator London	7,0		4 personas | 34 USD	No termina de quedar claro si tiene cocina. Creo que no tiene
Inglaterra	Londres		Clink 261	7,7	King's Cross	6 personas | 38 USD	No hay foto de los baños compartidos, pero aclara que tiene. Chicos los cuartos
Inglaterra	York	Safestay York Micklegate, York - Hostelworld	Safestay York	7,9	5' del Centro	4 personas - 35 USD	
Inglaterra	York	https://www.airbnb.com.ar/trips/v1/reservation-details/ro/RESERVATION2_CHECKIN/HMYH8EWDHM	AIRBNB	-	-	-	-
Escocia	Edimburgo	https://hotels.cloudbeds.com/en/reservation/Oc8lEf/?checkin=2026-08-15&checkout=2026-08-18&adults=2&currency=usd&promo=SAFESTAYFIFTEEN&guests=2	Safestay Edinburgh Cowgate	7,4	Ciudad Vieja (centro)	8 personas | 59 USD (cupón de dcto)	Baños bien. Cuartos mejores que en los otros. No tiene cocina ni hladera!!
Escocia	Edimburgo	https://www.spanish.hostelworld.com/pwa/hosteldetails.php/Edinburgh-Backpackers/Edinburgh/5001?from=2026-08-17&to=2026-08-20&guests=2	Edinburgh Backpackers	8,4	Ciudad Vieja (centro)	6 personas | 64 USD (reservar x web)	Cocina parece chica pero completa. Baños comunes bien. Habitaciones un poco chicas, igual no hay foto del cuarto de 6.
Escocia	Edimburgo	https://www.spanish.hostelworld.com/pwa/hosteldetails.php/Belford-Hostel/Edinburgh/5002?from=2026-08-17&to=2026-08-20&guests=2	Belford Hostel	8,1	Ciudad Vieja (centro)	6 personas | 61 USD	Cocina la mejor. Baños comunes bien. Habitaciones chicas
Escocia	Edimburgo	https://www.highstreethostel.com/	High Street Hostel	4,3 en google	Ciudad Vieja (centro)	4 personas | 64 USD	Cocina muy bien. Baño feo pero bien.
Escocia	Edimburgo	https://www.scotlandstophostels.com/our-hostels/castle-rock-hostel	Castle Rock Hostel	4,7 en google	Ciudad Vieja (centro)	6 personas | 64 USD	
Escocia	Inverness	https://www.booking.com/hotel/gb/inverness-student.es.html?aid=2443131&label=clicktrip-bn-n37-280226-i3044091-s121081-wc0c5e3aa-fabe-40d4-97a1-f5129c69fbce-cu_tab-d1104-dc3-gdid638681-eidbf24333884f74835ad2b506fd37529c6&sid=8b1aaa7fa1f52e9a00e9fa017ef9e7a4&all_sr_blocks=252720701_116492589_0_2_0%2C252720701_116492589_0_2_0&checkin=2026-08-24&checkout=2026-08-26&dest_id=-2599537&dest_type=city&dist=0&group_adults=2&group_children=0&hapos=1&highlighted_blocks=252720701_116492589_0_2_0%2C252720701_116492589_0_2_0&hpos=1&matching_block_id=252720701_116492589_0_2_0&no_rooms=1&req_adults=2&req_children=0&room1=A%2CA&sb_price_type=total&sr_order=popularity&sr_pri_blocks=252720701_116492589_0_2_0__5500%2C252720701_116492589_0_2_0__5500&srepoch=1772242768&srpvid=af300ba69c8b1008&type=total&ucfs=1&selected_currency=USD#hotelTmpl	Inverness Student Hotel	7,5	Centro	6 personas - 40 USD	
Escocia	Inverness	https://www.spanish.hostelworld.com/pwa/hosteldetails.php/Inverness-Youth-Hostel/Inverness/11812?from=2026-08-23&to=2026-08-25&guests=2&hpa_source=11812&hpa_rateplan_id=134954%7C2&hpa_room_id=30936&utm_source=googlehotelfinder	Inverness Youth Hostel	9,0	Centro	6 personas - 47 USD	
Escocia	Fort William / Glencoe	https://www.spanish.hostelworld.com/pwa/hosteldetails.php/Fort-William-Backpackers/Fort-William/559?from=2026-08-19&to=2026-08-21&guests=2&hpa_source=559&hpa_rateplan_id=13250%7C2&hpa_room_id=348216&utm_source=googlehotelfinder	Fort William Backpackers	8,7	Fort William (centro)	6 personas - 40 USD	
Escocia	Fort William / Glencoe	https://www.spanish.hostelworld.com/pwa/hosteldetails.php/Glen-Nevis-Youth-Hostel/Fort-William/12914?from=2026-08-19&to=2026-08-21&guests=2&origin=microsite	Glen Navis Youth Hostel	9,4	Glen Navis (6' de Fort Williams)	8 personas - 45 USD	
Escocia	Fort William / Glencoe	https://www.booking.com/hotel/gb/glencoe-youth-hostel.es.html?aid=311839&label=glencoe-youth-hostel-2MLWhMXu2y5ohjpQW%2ADsjgS409821044283%3Apl%3Ata%3Ap1%3Ap2%3Aac%3Aap%3Aneg%3Afi%3Atikwd-8643447547%3Alp9186392%3Ali%3Adec%3Adm%3Appccp%3DUmFuZG9tSVYkc2RlIyh9YROH_CMrg4mpqkQY4n9ah3E&sid=8b1aaa7fa1f52e9a00e9fa017ef9e7a4&all_sr_blocks=34445905_147018096_0_2_0&checkin=2026-08-24&checkout=2026-08-26&dest_id=-2589022&dest_type=city&dist=0&group_adults=2&group_children=0&hapos=1&highlighted_blocks=34445905_147018096_0_2_0&hpos=1&matching_block_id=34445905_147018096_0_2_0&no_rooms=1&req_adults=2&req_children=0&room1=A%2CA&sb_price_type=total&sr_order=popularity&sr_pri_blocks=34445905_147018096_0_2_0__27600&srepoch=1772281280&srpvid=4f2456d6a1460362&type=total&ucfs=1&	Glencoe Youth Hostel	8,2	Glencoe (a 5' de la ruta)	X personas - 44 USD	
Escocia	Fort William / Glencoe	https://www.airbnb.com.ar/rooms/50518337?adults=2&check_in=2026-08-21&check_out=2026-08-23&location=Portree%2C%20Reino%20Unido&search_mode=regular_search&category_tag=Tag%3A8678&photo_id=1621920908&source_impression_id=p3_1772850493_P3QaYlnAWKuVFUrk&previous_page_section_name=1001&federated_search_id=dee7ccb6-cfc8-4341-ab03-78e6b014c3e7	Airbnb Bed&Breakfast	9,7	Fort William (a 5' del centro)	Privada - 70 USD	
Escocia	Portree	https://www.spanish.hostelworld.com/pwa/hosteldetails.php/Portree-Independent-Hostel/Isle-of-Skye/301582?from=2026-08-21&to=2026-08-24&guests=2&hpa_source=301582&hpa_rateplan_id=438889%7C2&hpa_room_id=730363&utm_source=googlehotelfinder	Portree Independent Hostel	6,6	Portree (centro)	12 personas - 53 USD (35 libras)	
Holanda	Amsterdam	https://www.spanish.hostelworld.com/pwa/hosteldetails.php/Onefam-Amstel/Amsterdam/331753?from=2026-08-25&to=2026-08-29&guests=2	Onefam Amstel	9,7	De Pijp (Sarphatipark)	6 personas - 55 USD	Cocina básica, Ropa de cama incluida, Toallas (alquiler/no incluidas), Recepción 24h, Bar/Café
Holanda	Amsterdam	https://www.spanish.hostelworld.com/pwa/hosteldetails.php/Stayokay-Amsterdam-Stadsdoelen/Amsterdam/4915?from=2026-08-25&to=2026-08-29&guests=2	Stayokay Amsterdam Stadsdoelen	9,4	Centrum (Nieuwmarkt)	8 personas - 57 USD	Cocina, Ropa de cama incluida, Toallas (alquiler/no incluidas), Recepción 24h, Bar/Café
Holanda	Amsterdam	https://www.spanish.hostelworld.com/pwa/hosteldetails.php/The-Bee-Hostel/Amsterdam/314529?from=2026-08-25&to=2026-08-29&guests=2	The Bee Hostel	9,2	Centrum (Plantage)	23 personas - 57 USD	Desayuno no incluido, Cocina, Ropa de cama incluida, Toallas incluidas, Recepción 24h
Holanda	Amsterdam	https://www.spanish.hostelworld.com/pwa/hosteldetails.php/Stayokay-Amsterdam-Vondelpark/Amsterdam/4916?from=2026-08-25&to=2026-08-29&guests=2	Stayokay Amsterdam Vondelpark	9,2	Oud-Zuid (Vondelpark)	8 personas - 60 USD	Desayuno no incluido, Ropa de cama incluida, Toallas (alquiler/no incluidas), Recepción 24h, Bar/Café
Holanda	Amsterdam	https://www.spanish.hostelworld.com/pwa/hosteldetails.php/Stayokay-Amsterdam-Oost/Amsterdam/18974?from=2026-08-25&to=2026-08-29&guests=2	Stayokay Amsterdam Oost	8,9	Oost (Zeeburg/Indische Buurt)	6 personas - 55 USD	Desayuno no incluido, Ropa de cama incluida, Toallas (alquiler/no incluidas), Recepción 24h, Bar/Café
Holanda	Amsterdam	https://www.spanish.hostelworld.com/pwa/hosteldetails.php/Flying-Pig-Downtown/Amsterdam/641?from=2026-08-25&to=2026-08-29&guests=2	Flying Pig Downtown	8,8	Centrum (Estación Central/Dam)	6 personas - 61 USD	Desayuno no incluido, Cocina, Ropa de cama incluida, Toallas (alquiler/no incluidas), Recepción 24h
Holanda	Amsterdam	https://www.spanish.hostelworld.com/pwa/hosteldetails.php/St-Christopher-s-Inn-Amsterdam-The-Winston/Amsterdam/13607?from=2026-08-25&to=2026-08-29&guests=2	St Christopher's Inn Amsterdam - The Winston	8,7	Centrum (De Wallen/Barrio Rojo)	6 personas - 55 USD	Ropa de cama incluida, Recepción 24h, Bar/Café, Ensuite en el dorm
Holanda	Amsterdam	https://www.spanish.hostelworld.com/pwa/hosteldetails.php/ClinkMama/Amsterdam/84263?from=2026-08-25&to=2026-08-29&guests=2	ClinkMama	8,6	Centrum (Waterlooplein/Plantage)	8 personas - 58 USD	Desayuno no incluido, Cocina, Ropa de cama incluida, Toallas (alquiler/no incluidas), Bar/Café
Holanda	Amsterdam	https://www.spanish.hostelworld.com/pwa/hosteldetails.php/ClinkCoco/Amsterdam/45658?from=2026-08-25&to=2026-08-29&guests=2	Clink Coco	8,6	Centrum (Weteringbuurt)	6 personas - 55 USD	Desayuno no incluido, Cocina, Ropa de cama incluida, Toallas (alquiler/no incluidas), Ensuite en el dorm
Holanda	Amsterdam	https://www.spanish.hostelworld.com/pwa/hosteldetails.php/Hotel-Jesse/Amsterdam/42556?from=2026-08-25&to=2026-08-29&guests=2	Hotel Jesse	8,5	Centrum (Dam/Damrak)	6 personas - 54 USD	Ropa de cama incluida, Toallas incluidas, Recepción 24h, Bar/Café, Ensuite en el dorm
Holanda	Amsterdam	https://www.spanish.hostelworld.com/pwa/hosteldetails.php/Hans-Brinker-Hostel-Amsterdam/Amsterdam/646?from=2026-08-25&to=2026-08-29&guests=2	Hans Brinker Hostel Amsterdam	8,5	Centrum (Leidseplein/Grachtengordel)	6 personas - 38 USD	Desayuno no incluido, Ropa de cama incluida, Toallas incluidas, Recepción 24h, Bar/Café, Ensuite en el dorm
Holanda	Amsterdam	https://www.spanish.hostelworld.com/pwa/hosteldetails.php/Generator-Amsterdam/Amsterdam/265063?from=2026-08-25&to=2026-08-29&guests=2	Generator Amsterdam	8,4	Oost (Oosterpark)	6 personas - 37 USD	Ropa de cama incluida, Toallas (alquiler/no incluidas), Recepción 24h, Bar/Café, Ensuite en el dorm
Holanda	Amsterdam	https://www.spanish.hostelworld.com/pwa/hosteldetails.php/Amsterdam-Hostel-Uptown/Amsterdam/8273?from=2026-08-25&to=2026-08-29&guests=2	Amsterdam Hostel Uptown	8,3	Centrum (Leidseplein)	6 personas - 61 USD	Ropa de cama incluida, Toallas (alquiler/no incluidas), Recepción 24h, Ensuite en el dorm
Holanda	Amsterdam	https://www.spanish.hostelworld.com/pwa/hosteldetails.php/Amsterdam-Hostel-Annemarie/Amsterdam/4585?from=2026-08-25&to=2026-08-29&guests=2	Hostel Annemarie	8,3	Oud-Zuid (Museumplein)	6 personas - 60 USD	Ropa de cama incluida, Recepción 24h, Ensuite en el dorm
Francia	Paris	Young & Happy Latin Quarter by Hiphophostels, París - Hostelworld		7,2	Barrio latino	6 personas | 53 USD (en la web de ellos)	Cocina: Completa pero chica
Francia	Paris	Le Village Montmartre by Hiphophostels, París - Hostelworld		8,4	Montmartre	2 personas | 62 USD (en la web de ellos)	Cocina: Nevera/Congelador, Utensilios, Microondas, Hervidor de agua, Fregadero
Francia	Paris	Le Regent Montmartre by Hiphophostels, París - Hostelworld		7,7	Montmartre	4 personas | 47 USD	Cocina completa, pero en los comentarios le critican que no ambiente de hostel. Se puede ver de buscar en reddit o algo
Francia	Paris	Oops Hostel Latin Quarter by Hiphophostels, París - Hostelworld		7,8	Latin Quarter	4 personas | 62 USD	Cocina completa, pero en los comentarios le critican que no ambiente de hostel. Se puede ver de buscar en reddit o algo
Francia	Paris	JO&JOE Paris - Nation, París - Hostelworld		7,9	Distrito 12 (cerca del 11)	8 personas | 45 USD	Cocina: Cocina, Nevera/Congelador, Microondas. Parece tener onda
Francia	Paris	St Christopher's Inn Paris - Gare du Nord, París - Hostelworld		8,1	Distrito 10	8 personas | 50 USD	Cocina: Utensilios, Microondas, Hervidor de agua. Parece bien de lindo y atmósfera
Francia	Paris	Caulaincourt Montmartre by Hiphophostels, París - Hostelworld		8,5	Montmartre	2 personas | 65 USD (con desayuno)	Cocina completa + desayuno incluido. Los dormitorios son si o si de 3 y no hay mixtos.
Francia	Paris	FIAP Paris, París - Hostelworld		9,3	Montparnasse	- 	Cero cocina. La atmósfera me da muy hotel
Francia	Paris	The People - Paris Nation, París - Hostelworld		7,9	Distrito 12 (cerca del 11)	8 personas | 51 USD	Cero cocina. Ambiente parecería más onda hostel. Ubicación bien.
Francia	Paris	The People - Paris Belleville (ex Les Piaules), París - Hostelworld		8,6	Belleville (entre el 10, 11 y 20)	6 personas | 44 USD (en la web de ellos)	Cero cocina. Tiene juegos y ambiente tipo hostel.
Francia	Paris	Fraternity-Hostel, París - Hostelworld		9,3	Belleville (entre el 10, 11 y 20)	2 personas | 52 USD (en la web de ellos)	Cero cocina. Solo microondas. Es muy lindo, dice que tiene varias áreas comunes, pero no muestra nada
Francia	Paris	Generator Paris, París - Hostelworld		7,6	Distrito 10	4 personas | 40 USD	Cero cocina. Ambiente bien.
Suiza	Interlaken	https://www.spanish.hostelworld.com/pwa/hosteldetails.php/Balmers-Hostel/Interlaken/715?from=2026-09-18&to=2026-09-21&guests=2		9,7	A 15 cuadras de Interlaken Ost. Es centro pero no "pleno centro" 	8 personas | 57 USD	Parece tener onda, tiene juegos, bar, etc. + Cocina completa. El dormitorio parece un poco chico pero bien.
Suiza	Interlaken	Happy Inn Lodge, Interlaken - Hostelworld		9,4	Interlaken West. A 10 cuadras del centro y aprox. 15 de la estación Ost	6 personas | 45 USD	Medio feo, pero super espacioso el cuarto. La cocina tmb fea pero completa. Tiene bar pero no juegos!!
Suiza	Grindelwald	https://www.spanish.hostelworld.com/pwa/hosteldetails.php/Eiger-Lodge/Grindelwald/3139?from=2026-09-19&to=2026-09-23&guests=2		9,7	Cerca de la terminal	6 personas | 79 USD	Parece tener onda, tiene juegos y bar! cocina básica, pero para calentar comida y agua alcanza. Dice que tiene varios especiosal aire libre!! y otros espacios comunes. Los baños muy bien!! Desayuno gratis!!
Suiza	Lauterbrunnen	Valley Hostel, Lauterbrunnen - Hostelworld		9,5	1 cuadra de la terminal y el centro	x personas | 45 USD (todos salen lo mismo lol)	Cocina completa. Pocas fotos pero parece muy tierno. Tiene terraza y jardin.
Suiza	Lauterbrunnen	Schutzenbach Backpackers for Adults 18–34, Lauterbrunnen - Hostelworld		9,3	10 cuadras de la terminal y el centro	12 personas | 54 USD	Parece más un refugio que un hostel. No termina de ser lindo, pero tiene su onda. Tiene juegos y bar. Cocina chica pero cumple. No menciona ninguna terracita ni nada. El cuarto es de 12 pero parece espacioso.
Suiza	Lucerna	Bellpark Hostel, Lucerna - Hostelworld		7,5	Pésimo ubicado. Descartado.	6 personas | 53 USD	Cuartos feos y todos con baños (asi que asumo que no hay baños compartidos)
Suiza	Lucerna	Luzern Youth Hostel, Lucerna - Hostelworld		7,8	Mal ubicado, pero arriba del rio y a 15 cuadras del centro. Zafa.	6 personas | 66 USD	Desayuno gratis. Tiene terracita y juegos. Cocina solo microondas y pava.
Suiza	Lucerna	Barabas Luzern, Lucerna - Hostelworld		9	Pleno centro	6 personas | 77 USD (con cancelación)	No termino de entenderlo es muy raro. En la descripción no dice nada pero después tiene juegos y cosas
Suiza	Lucerna	Backpackers Lucerne, Lucerna - Hostelworld		9,7	Pésimo ubicado. Descartado.	4 personas | 82 USD (con cancelación)	No entiendo si está tan mal ubicado porqué es tan caro y tan buena puntuación, siento que me estoy perdiendo de algo. Creo que solo porque está cerca de un rio?
Suiza	Lucerna	Hotel BARABAS - double room in the prison hotel - Hotels for Rent in Lucerne, Luzern, Switzerland - Airbnb					Es un hotel. Cuarto privado con baño compartido. Es tipo carcel, el slogan es "sleep behin bars" me da un poco de miedo, pero no es feo. No tiene ni un microondas creo. Tiene un espacio comun.
Austria	Innsbruck	MEININGER Innsbruck Zentrum		8,7	Bien ubicado	4 personas | 62 USD (con cancelación)	
Austria	Viena	https://www.hostelworld.com/hosteldetails.php/Wombat-s-City-Hostel-Vienna-Naschmarkt/Vienna/45674?currency=USD&from=2026-09-25&to=2026-09-30&guests=2	Wombat's City Hostel Vienna Naschmarkt	9,3	Mariahilf (6) / Naschmarkt	4 personas | 37 USD	Cocina: sí (cocina, heladera/freezer, utensilios, microondas, pava eléctrica, ollas y sartenes, fregadero, hornallas/anafe).
Austria	Viena	https://www.hostelworld.com/hosteldetails.php/Hostel-Ruthensteiner-Vienna/Vienna/731?currency=USD&from=2026-09-25&to=2026-09-30&guests=2	Hostel Ruthensteiner Vienna	9,5	Rudolfsheim-Fünfhaus (15) / Westbahnhof	6 personas | 48 USD	Cocina: sí (heladera/freezer, utensilios, microondas, pava eléctrica, ollas y sartenes, fregadero, hornallas/anafe).
Austria	Viena	https://www.hostelworld.com/hostels/p/307479/vienna-boutique-hostel/?currency=USD&from=2026-09-25&to=2026-09-30&guests=2	Vienna Boutique Hostel	9,7	Neubau (7)	4 personas | 44 USD	Cocina: sí (heladera/freezer, microondas, pava eléctrica, fregadero).
Austria	Viena	https://www.hostelworld.com/hostels/p/52575/meininger-hotel-vienna-downtown-franz/?currency=USD&from=2026-09-25&to=2026-09-30&guests=2	MEININGER Hotel Vienna Downtown Franz	8,7	Leopoldstadt (2)	4 personas | 31 USD	Cocina: no.
Austria	Viena	https://www.hostelworld.com/hostels/p/310022/jo-and-joe-vienna/?currency=USD&from=2026-09-25&to=2026-09-30&guests=2	JO&JOE Vienna	9,0	Rudolfsheim-Fünfhaus (15) / Westbahnhof	6 personas | 33 USD	Cocina: sí (heladera/freezer, utensilios, microondas, pava eléctrica).
Austria	Viena	https://www.hostelworld.com/hostels/p/312724/st-christopher-s-inn-vienna/?currency=USD&from=2026-09-25&to=2026-09-30&guests=2	St Christopher's Inn Vienna	8,8	Favoriten (10) / Hauptbahnhof	4 personas | 31 USD	Cocina: sí (microondas, pava eléctrica).
Austria	Viena	https://www.hostelworld.com/hostels/p/316937/stadtaffe-chic-hostel-vie/?currency=USD&from=2026-09-25&to=2026-09-30&guests=2	Stadtaffe - Chic Hostel VIE	8,7	Ottakring (16)	4 personas | 30 USD	Cocina: sí (heladera/freezer, utensilios, microondas, pava eléctrica, ollas y sartenes, fregadero, hornallas/anafe).
Austria	Viena	https://www.hostelworld.com/hostels/p/308232/space-home-apartment-inner-city/?currency=USD&from=2026-09-25&to=2026-09-30&guests=2	Space Home Apartment - Inner City	8,3	Landstraße (3)	1 personas | 54 USD	Cocina: no.
Chequia	Praga	https://www.spanish.hostelworld.com/pwa/hosteldetails.php/Onefam-Home/Prague/73362?from=2026-09-30&to=2026-10-04&guests=2&currency=USD#position=23	Onefam Home	9,8	New Town (Prague 1)	4 personas | 46 USD	Cocina: no.
Chequia	Praga	https://www.spanish.hostelworld.com/pwa/hosteldetails.php/Hostel-Orange/Prague/426?from=2026-09-30&to=2026-10-04&guests=2&currency=USD#position=15	Hostel Orange	8,5	New Town (Prague 1, Wenceslas Square)	18 personas | 28 USD	Cocina: sí (cocina, heladera/freezer, microondas, pava eléctrica, ollas y sartenes, fregadero).
Chequia	Praga	https://www.spanish.hostelworld.com/pwa/hosteldetails.php/Charles-Bridge-Economic-Hostel/Prague/39394?from=2026-09-30&to=2026-10-04&guests=2&currency=USD#position=16	Charles Bridge Economic Hostel	9,0	Mala Strana (Prague 1)	6 personas | 34 USD	Cocina: sí (cocina, heladera/freezer, microondas).
Chequia	Praga	https://www.spanish.hostelworld.com/pwa/hosteldetails.php/Little-Quarter-Hostel/Prague/39472?from=2026-09-30&to=2026-10-04&guests=2&currency=USD#position=20	Little Quarter Hostel	9,4	Mala Strana (Prague 1)	8 personas | 31 USD	Cocina: sí (cocina, heladera/freezer, microondas).
Chequia	Praga	https://www.spanish.hostelworld.com/pwa/hosteldetails.php/A-Plus-Hostel-Centrum/Prague/328563?from=2026-09-30&to=2026-10-04&guests=2&currency=USD#position=25	A Plus Hostel - Centrum	7,6	New Town (Prague 1, central)	4 personas | 31 USD	Cocina: sí (cocina, heladera/freezer, utensilios, microondas, pava eléctrica, ollas y sartenes, fregadero).
Chequia	Praga	https://www.spanish.hostelworld.com/pwa/hosteldetails.php/Onefam-Oldtown/Prague/308875?from=2026-09-30&to=2026-10-04&guests=2&currency=USD#position=18	Onefam Oldtown	9,6	New Town (Prague 1, Národní třída)	4 personas | 46 USD	Cocina: sí (cocina, heladera/freezer, microondas).
Chequia	Praga	https://www.spanish.hostelworld.com/pwa/hosteldetails.php/Hostel-DownTown/Prague/21097?from=2026-09-30&to=2026-10-04&guests=2&currency=USD#position=11	Hostel DownTown	9,0	New Town (Prague 1, Národní třída)	6 personas | 41 USD	Cocina: sí (cocina, heladera/freezer, utensilios, microondas).
Chequia	Praga	https://www.spanish.hostelworld.com/pwa/hosteldetails.php/Safestay-Prague-Charles-Bridge/Prague/71146?from=2026-09-30&to=2026-10-04&guests=2&currency=USD#position=13	Safestay Prague Charles Bridge	8,0	New Town (Prague 1, near river)	4 personas | 32 USD	Cocina: no.
Chequia	Praga	https://www.spanish.hostelworld.com/pwa/hosteldetails.php/The-Clock-Inn/Prague/310968?from=2026-09-30&to=2026-10-04&guests=2&currency=USD#position=2	The Clock Inn	9,0	New Town (Prague 1, central)	4 personas | 31 USD	Cocina: sí (cocina, heladera/freezer, utensilios, microondas, pava eléctrica, ollas y sartenes, fregadero, hornallas/anafe).
Chequia	Praga	https://www.spanish.hostelworld.com/pwa/hosteldetails.php/Prague-Dream-Hostel/Prague/291136?from=2026-09-30&to=2026-10-04&guests=2&currency=USD#position=7	Prague Dream Hostel	9,2	New Town (Prague 1, near Wenceslas Square)	4 personas | 43 USD	Cocina: sí (cocina, heladera/freezer, utensilios, microondas, pava eléctrica, ollas y sartenes, fregadero, hornallas/anafe).
Chequia	Praga	https://www.spanish.hostelworld.com/pwa/hosteldetails.php/Hostel-Mandarinka/Prague/306422?from=2026-09-30&to=2026-10-04&guests=2&currency=USD#position=14	Hostel Mandarinka	8,3	New Town (Prague 1, near Main Station)	6 personas | 40 USD	Cocina: sí (cocina, heladera/freezer, microondas, pava eléctrica, ollas y sartenes, fregadero).
Chequia	Praga	https://www.spanish.hostelworld.com/pwa/hosteldetails.php/Luma-Terra-Prague-Hostel/Prague/314630?from=2026-09-30&to=2026-10-04&guests=2&currency=USD#position=3	Luma Terra Prague Hostel	9,3	New Town / Vinohrady (Prague 2)	3 personas | 63 USD	Cocina: sí (cocina, heladera/freezer, utensilios, microondas).
Chequia	Praga	https://www.spanish.hostelworld.com/pwa/hosteldetails.php/Sophie-s-Hostel/Prague/10597?from=2026-09-30&to=2026-10-04&guests=2&currency=USD#position=5	Sophie's Hostel	9,0	New Town / Vinohrady (Prague 2)	5 personas | 24 USD	Cocina: no.
Chequia	Praga	https://www.spanish.hostelworld.com/pwa/hosteldetails.php/Onefam-Miru/Prague/285525?from=2026-09-30&to=2026-10-04&guests=2&currency=USD#position=26	Onefam Miru	9,7	Vinohrady (Prague 2)	4 personas | 46 USD	Cocina: sí (cocina, heladera/freezer, utensilios, microondas, pava eléctrica, ollas y sartenes, fregadero).
Portugal	Lisboa	https://www.spanish.hostelworld.com/pwa/hosteldetails.php/Lost-Inn-Lisbon/Lisbon/73197?from=2026-09-04&to=2026-09-09&guests=1&currency=USD#position=4	Lost Inn Lisbon	9,4	Chiado	4 personas | 37 USD	Cocina: sí (cocina, heladera/freezer, utensilios, microondas, pava eléctrica, ollas y sartenes, fregadero, hornallas/anafe).
Portugal	Lisboa	https://www.spanish.hostelworld.com/pwa/hosteldetails.php/Lisbon-Destination-Hostel/Lisbon/53114?from=2026-09-04&to=2026-09-09&guests=1&currency=USD#position=14	Lisbon Destination Hostel	9,6	Rossio / Baixa	8 personas | 28 USD	Cocina: sí (cocina, heladera/freezer, utensilios, microondas, pava eléctrica, ollas y sartenes, fregadero, hornallas/anafe).
Portugal	Lisboa	https://www.spanish.hostelworld.com/pwa/hosteldetails.php/Goodnight-Lisbon-Hostel/Lisbon/20273?from=2026-09-04&to=2026-09-09&guests=1&currency=USD#position=16	Goodnight Lisbon Hostel	9,5	Baixa / Chiado	3 personas | 35 USD	Cocina: sí (heladera/freezer, microondas).
Portugal	Lisboa	https://www.spanish.hostelworld.com/pwa/hosteldetails.php/We-Love-F-Tourists/Lisbon/75036?from=2026-09-04&to=2026-09-09&guests=1&currency=USD#position=18	We Love F. Tourists	9,6	Baixa	3 personas | 42 USD	Cocina: sí (heladera/freezer, microondas, pava eléctrica, ollas y sartenes, hornallas/anafe).
Portugal	Lisboa	https://www.spanish.hostelworld.com/pwa/hosteldetails.php/Inn-Possible-Lisbon-Hostel/Lisbon/83892?from=2026-09-04&to=2026-09-09&guests=1&currency=USD#position=19	Inn Possible Lisbon Hostel	9,2	Mouraria / Alfama	6 personas | 46 USD	Cocina: sí (heladera/freezer, utensilios, microondas, pava eléctrica, ollas y sartenes, fregadero, hornallas/anafe).
Portugal	Lisboa	https://www.spanish.hostelworld.com/pwa/hosteldetails.php/Lisb-on-Hostel/Lisbon/47342?from=2026-09-04&to=2026-09-09&guests=1&currency=USD#position=20	Lisb'on Hostel	9,0	Baixa-Chiado	6 personas | 37 USD	Cocina: sí (microondas).
Portugal	Lisboa	https://www.spanish.hostelworld.com/pwa/hosteldetails.php/Living-Lounge-Hostel/Lisbon/29235?from=2026-09-04&to=2026-09-09&guests=1&currency=USD#position=22	Living Lounge Hostel	9,9	Chiado / Baixa	4 personas | 43 USD	Cocina: sí (cocina, heladera/freezer, utensilios, microondas, pava eléctrica, ollas y sartenes, fregadero, hornallas/anafe).
Portugal	Lisboa	https://www.spanish.hostelworld.com/pwa/hosteldetails.php/Rossio-Hostel/Lisbon/20929?from=2026-09-04&to=2026-09-09&guests=1&currency=USD#position=25	Rossio Hostel	9,7	Rossio / Baixa	4 personas | 49 USD	Cocina: sí (heladera/freezer, utensilios, microondas, pava eléctrica, ollas y sartenes, fregadero, hornallas/anafe).
Portugal	Lisboa	https://www.spanish.hostelworld.com/pwa/hosteldetails.php/Safestay-Lisbon-Bairro-Alto/Lisbon/43233?from=2026-09-04&to=2026-09-09&guests=1&currency=USD#position=27	Safestay Lisbon Bairro Alto	8,8	Bairro Alto	4 personas | 34 USD	Cocina: sí (microondas).
Portugal	Lisboa	https://www.spanish.hostelworld.com/pwa/hosteldetails.php/The-Central-House-Lisbon-Baixa/Lisbon/296255?from=2026-09-04&to=2026-09-09&guests=1&currency=USD#position=30	The Central House Lisbon Baixa	8,9	Baixa	4 personas | 40 USD	Cocina: no.
Portugal	Lisboa	https://www.spanish.hostelworld.com/pwa/hosteldetails.php/Draft-Hostel-Rooms/Lisbon/323502?from=2026-09-04&to=2026-09-09&guests=1&currency=USD#position=34	Draft Hostel & Rooms	8,6	Baixa / Chiado	4 personas | 57 USD	Cocina: sí (cocina, heladera/freezer, utensilios, microondas, pava eléctrica, hornallas/anafe).