file,ciudad,nombre,antes,despues,modo,problemas
europa_occidental.csv,Londres,British Museum,"British Museum, London, UK","British Museum, London, UK",mecanico,
europa_occidental.csv,Londres,Natural History Museum,"Natural History Museum, London, UK","Natural History Museum, London, UK",mecanico,
europa_occidental.csv,Londres,Victoria & Albert Museum,"Victoria and Albert Museum, London, UK","Victoria and Albert Museum, London, UK",mecanico,
europa_occidental.csv,Londres,Tate Modern,"Tate Modern, London, UK","Tate Modern, London, UK",mecanico,
europa_occidental.csv,Londres,National Gallery,"National Gallery, London, UK","National Gallery, London, UK",mecanico,
europa_occidental.csv,Londres,National Portrait Gallery,"National Portrait Gallery, London, UK","National Portrait Gallery, London, UK",mecanico,
europa_occidental.csv,Londres,Science Museum,"Science Museum, London, UK","Science Museum, London, UK",mecanico,
europa_occidental.csv,Londres,Imperial War Museum,"Imperial War Museum, London, UK","Imperial War Museum, London, UK",mecanico,
europa_occidental.csv,Londres,Churchill War Rooms,"Churchill War Rooms, London, UK","Churchill War Rooms, London, UK",mecanico,
europa_occidental.csv,Londres,Sir John Soane's Museum,"Sir John Soane's Museum, London, UK","Sir John Soane's Museum, London, UK",mecanico,
europa_occidental.csv,Londres,Museum of London Docklands,"Museum of London Docklands, UK","Museum of London Docklands, London, UK",mecanico,
europa_occidental.csv,Londres,The Courtauld Gallery,"Courtauld Gallery, London, UK","Courtauld Gallery, London, UK",mecanico,
europa_occidental.csv,Londres,Westminster Abbey,"Westminster Abbey, London, UK","Westminster Abbey, London, UK",mecanico,
europa_occidental.csv,Londres,St Paul's Cathedral,"St Paul's Cathedral, London, UK","St Paul's Cathedral, London, UK",mecanico,
europa_occidental.csv,Londres,Southwark Cathedral,"Southwark Cathedral, London, UK","Southwark Cathedral, London, UK",mecanico,
europa_occidental.csv,Londres,Temple Church,"Temple Church, London, UK","Temple Church, London, UK",mecanico,
europa_occidental.csv,Londres,Tower of London,"Tower of London, UK","Tower of London, London, UK",mecanico,
europa_occidental.csv,Londres,Tower Bridge,"Tower Bridge, London, UK","Tower Bridge, London, UK",mecanico,
europa_occidental.csv,Londres,Big Ben y Palacio de Westminster,"Big Ben, London, UK","Big Ben, London, UK",mecanico,
europa_occidental.csv,Londres,Buckingham Palace,"Buckingham Palace, London, UK","Buckingham Palace, London, UK",mecanico,
europa_occidental.csv,Londres,Kensington Palace,"Kensington Palace, London, UK","Kensington Palace, London, UK",mecanico,
europa_occidental.csv,Londres,Cutty Sark,"Cutty Sark, Greenwich, London, UK","Cutty Sark, Greenwich, London, UK",mecanico,
europa_occidental.csv,Londres,Greenwich Observatory,"Royal Observatory Greenwich, UK","Royal Observatory Greenwich, London, UK",mecanico,
europa_occidental.csv,Londres,Trafalgar Square,"Trafalgar Square, London, UK","Trafalgar Square, London, UK",mecanico,
europa_occidental.csv,Londres,Piccadilly Circus,"Piccadilly Circus, London, UK","Piccadilly Circus, London, UK",mecanico,
europa_occidental.csv,Londres,Covent Garden,"Covent Garden, London, UK","Covent Garden, London, UK",mecanico,
europa_occidental.csv,Londres,Hampton Court Palace,"Hampton Court Palace, UK","Hampton Court Palace, London, UK",mecanico,
europa_occidental.csv,Londres,Sky Garden,"Sky Garden, London, UK","Sky Garden, London, UK",mecanico,
europa_occidental.csv,Londres,The Shard,"The Shard, London, UK","The Shard, London, UK",mecanico,
europa_occidental.csv,Londres,London Eye,"London Eye, UK","London Eye, London, UK",mecanico,
europa_occidental.csv,Londres,Hyde Park,"Hyde Park, London, UK","Hyde Park, London, UK",mecanico,
europa_occidental.csv,Londres,Kensington Gardens,"Kensington Gardens, London, UK","Kensington Gardens, London, UK",mecanico,
europa_occidental.csv,Londres,Regent's Park,"Regent's Park, London, UK","Regent's Park, London, UK",mecanico,
europa_occidental.csv,Londres,St James's Park,"St James's Park, London, UK","St James's Park, London, UK",mecanico,
europa_occidental.csv,Londres,Hampstead Heath,"Hampstead Heath, London, UK","Hampstead Heath, London, UK",mecanico,
europa_occidental.csv,Londres,Primrose Hill,"Primrose Hill, London, UK","Primrose Hill, London, UK",mecanico,
europa_occidental.csv,Londres,Greenwich Park,"Greenwich Park, London, UK","Greenwich Park, London, UK",mecanico,
europa_occidental.csv,Londres,Richmond Park,"Richmond Park, London, UK","Richmond Park, London, UK",mecanico,
europa_occidental.csv,Londres,Victoria Park,"Victoria Park, London, UK","Victoria Park, London, UK",mecanico,
europa_occidental.csv,Londres,Victoria Embankment Gardens,"Victoria Embankment Gardens, London, UK","Victoria Embankment Gardens, London, UK",mecanico,
europa_occidental.csv,Londres,Borough Market,"Borough Market, London, UK","Borough Market, London, UK",mecanico,
europa_occidental.csv,Londres,Portobello Road Market,"Portobello Road Market, London, UK","Portobello Road Market, London, UK",mecanico,
europa_occidental.csv,Londres,Brick Lane Market,"Brick Lane Market, London, UK","Brick Lane Market, London, UK",mecanico,
europa_occidental.csv,Londres,Columbia Road Flower Market,"Columbia Road Flower Market, London, UK","Columbia Road Flower Market, London, UK",mecanico,
europa_occidental.csv,Londres,Broadway Market,"Broadway Market, Hackney, London, UK","Broadway Market, Hackney, London, UK",mecanico,
europa_occidental.csv,Londres,Camden Market,"Camden Market, London, UK","Camden Market, London, UK",mecanico,
europa_occidental.csv,Londres,Spitalfields Market,"Old Spitalfields Market, London, UK","Old Spitalfields Market, London, UK",mecanico,
europa_occidental.csv,Londres,Leadenhall Market,"Leadenhall Market, London, UK","Leadenhall Market, London, UK",mecanico,
europa_occidental.csv,Londres,Maltby Street Market,"Maltby Street Market, London, UK","Maltby Street Market, London, UK",mecanico,
europa_occidental.csv,Londres,Shakespeare's Globe,"Shakespeare's Globe, London, UK","Shakespeare's Globe, London, UK",mecanico,
europa_occidental.csv,Londres,Royal Albert Hall,"Royal Albert Hall, London, UK","Royal Albert Hall, London, UK",mecanico,
europa_occidental.csv,Londres,Harry Potter Studio Tour,"Warner Bros Studio Tour London, Leavesden, UK","Warner Bros Studio Tour London, Leavesden, London, UK",mecanico,
europa_occidental.csv,Londres,South Bank,"South Bank, London, UK","South Bank, London, UK",mecanico,
europa_occidental.csv,Londres,Shoreditch / Brick Lane,"Shoreditch, London, UK","Shoreditch, London, UK",mecanico,
europa_occidental.csv,Londres,Notting Hill,"Notting Hill, London, UK","Notting Hill, London, UK",mecanico,
europa_occidental.csv,Londres,Soho,"Soho, London, UK","Soho, London, UK",mecanico,
europa_occidental.csv,Londres,Kensington / Chelsea,"Kensington, London, UK","Kensington, London, UK",mecanico,
europa_occidental.csv,Londres,Marylebone,"Marylebone, London, UK","Marylebone, London, UK",mecanico,
europa_occidental.csv,Londres,Greenwich,"Greenwich, London, UK","Greenwich, London, UK",mecanico,
europa_occidental.csv,Londres,Camden,"Camden Town, London, UK","Camden Town, London, UK",mecanico,
europa_occidental.csv,Londres,Islington / Angel,"Angel, Islington, London, UK","Angel, Islington, London, UK",mecanico,
europa_occidental.csv,Londres,Highgate Cemetery,"Highgate Cemetery, London, UK","Highgate Cemetery, London, UK",mecanico,
europa_occidental.csv,Londres,King's Cross Station,"King's Cross Station, London, UK","King's Cross Station, London, UK",mecanico,
europa_occidental.csv,Londres,Cecil Court,"Cecil Court, London, UK","Cecil Court, London, UK",mecanico,
europa_occidental.csv,York,York Minster,"York Minster, York, UK","York Minster, York, UK",mecanico,
europa_occidental.csv,York,National Railway Museum,"National Railway Museum, York, UK","National Railway Museum, York, UK",mecanico,
europa_occidental.csv,York,JORVIK Viking Centre,"JORVIK Viking Centre, York, UK","JORVIK Viking Centre, York, UK",mecanico,
europa_occidental.csv,York,York Castle Museum,"York Castle Museum, UK","York Castle Museum, York, UK",mecanico,
europa_occidental.csv,York,Yorkshire Museum,"Yorkshire Museum, York, UK","Yorkshire Museum, York, UK",mecanico,
europa_occidental.csv,York,Barley Hall,"Barley Hall, York, UK","Barley Hall, York, UK",mecanico,
europa_occidental.csv,York,York Chocolate Story,"York's Chocolate Story, UK","York's Chocolate Story, York, UK",mecanico,
europa_occidental.csv,York,The Shambles,"The Shambles, York, UK","The Shambles, York, UK",mecanico,
europa_occidental.csv,York,Clifford's Tower,"Clifford's Tower, York, UK","Clifford's Tower, York, UK",mecanico,
europa_occidental.csv,York,Merchant Adventurers' Hall,"Merchant Adventurers' Hall, York, UK","Merchant Adventurers' Hall, York, UK",mecanico,
europa_occidental.csv,York,Micklegate Bar,"Micklegate Bar, York, UK","Micklegate Bar, York, UK",mecanico,
europa_occidental.csv,York,Rowntree Park,"Rowntree Park, York, UK","Rowntree Park, York, UK",mecanico,
europa_occidental.csv,York,Fossgate / Gillygate,"Fossgate, York, UK","Fossgate, York, UK",mecanico,
europa_occidental.csv,York,Micklegate,"Micklegate, York, UK","Micklegate, York, UK",mecanico,
europa_occidental.csv,Edimburgo,Edinburgh Castle,"Edinburgh Castle, UK","Edinburgh Castle, Edinburgh, UK",mecanico,
europa_occidental.csv,Edimburgo,Palace of Holyroodhouse,"Palace of Holyroodhouse, Edinburgh, UK","Palace of Holyroodhouse, Edinburgh, UK",mecanico,
europa_occidental.csv,Edimburgo,Holyrood Abbey,"Holyrood Abbey, Edinburgh, UK","Holyrood Abbey, Edinburgh, UK",mecanico,
europa_occidental.csv,Edimburgo,Scottish Parliament,"Scottish Parliament, Edinburgh, UK","Scottish Parliament, Edinburgh, UK",mecanico,
europa_occidental.csv,Edimburgo,Greyfriars Kirkyard,"Greyfriars Kirkyard, Edinburgh, UK","Greyfriars Kirkyard, Edinburgh, UK",mecanico,
europa_occidental.csv,Edimburgo,Scott Monument,"Scott Monument, Edinburgh, UK","Scott Monument, Edinburgh, UK",mecanico,
europa_occidental.csv,Edimburgo,Calton Hill,"Calton Hill, Edinburgh, UK","Calton Hill, Edinburgh, UK",mecanico,
europa_occidental.csv,Edimburgo,Gladstone's Land,"Gladstone's Land, Edinburgh, UK","Gladstone's Land, Edinburgh, UK",mecanico,
europa_occidental.csv,Edimburgo,John Knox House,"John Knox House, Edinburgh, UK","John Knox House, Edinburgh, UK",mecanico,
europa_occidental.csv,Edimburgo,Dean Village,"Dean Village, Edinburgh, UK","Dean Village, Edinburgh, UK",mecanico,
europa_occidental.csv,Edimburgo,Grassmarket,"Grassmarket, Edinburgh, UK","Grassmarket, Edinburgh, UK",mecanico,
europa_occidental.csv,Edimburgo,George Heriot's School,"George Heriot's School, Edinburgh, UK","George Heriot's School, Edinburgh, UK",mecanico,
europa_occidental.csv,Edimburgo,Canongate Tolbooth,"Canongate Tolbooth, Edinburgh, UK","Canongate Tolbooth, Edinburgh, UK",mecanico,
europa_occidental.csv,Edimburgo,National Museum of Scotland,"National Museum of Scotland, Edinburgh, UK","National Museum of Scotland, Edinburgh, UK",mecanico,
europa_occidental.csv,Edimburgo,Scottish National Gallery,"Scottish National Gallery, Edinburgh, UK","Scottish National Gallery, Edinburgh, UK",mecanico,
europa_occidental.csv,Edimburgo,Scottish National Portrait Gallery,"Scottish National Portrait Gallery, Edinburgh, UK","Scottish National Portrait Gallery, Edinburgh, UK",mecanico,
europa_occidental.csv,Edimburgo,Writers' Museum,"Writers' Museum, Edinburgh, UK","Writers' Museum, Edinburgh, UK",mecanico,
europa_occidental.csv,Edimburgo,Museum of Edinburgh,"Museum of Edinburgh, Canongate, UK","Museum of Edinburgh, Canongate, Edinburgh, UK",mecanico,
europa_occidental.csv,Edimburgo,Museum of Childhood,"Museum of Childhood, Edinburgh, UK","Museum of Childhood, Edinburgh, UK",mecanico,
europa_occidental.csv,Edimburgo,Surgeons' Hall Museum,"Surgeons' Hall Museums, Edinburgh, UK","Surgeons' Hall Museums, Edinburgh, UK",mecanico,
europa_occidental.csv,Edimburgo,Camera Obscura,"Camera Obscura, Edinburgh, UK","Camera Obscura, Edinburgh, UK",mecanico,
europa_occidental.csv,Edimburgo,The Scotch Whisky Experience,"Scotch Whisky Experience, Edinburgh, UK","Scotch Whisky Experience, Edinburgh, UK",mecanico,
europa_occidental.csv,Edimburgo,Arthur's Seat,"Arthur's Seat, Edinburgh, UK","Arthur's Seat, Edinburgh, UK",mecanico,
europa_occidental.csv,Edimburgo,Salisbury Crags,"Salisbury Crags, Edinburgh, UK","Salisbury Crags, Edinburgh, UK",mecanico,
europa_occidental.csv,Edimburgo,Holyrood Park,"Holyrood Park, Edinburgh, UK","Holyrood Park, Edinburgh, UK",mecanico,
europa_occidental.csv,Edimburgo,Princes Street Gardens,"Princes Street Gardens, Edinburgh, UK","Princes Street Gardens, Edinburgh, UK",mecanico,
europa_occidental.csv,Edimburgo,Royal Botanic Garden,"Royal Botanic Garden Edinburgh, UK","Royal Botanic Garden Edinburgh, Edinburgh, UK",mecanico,
europa_occidental.csv,Edimburgo,The Meadows,"The Meadows, Edinburgh, UK","The Meadows, Edinburgh, UK",mecanico,
europa_occidental.csv,Edimburgo,Stockbridge Market,"Stockbridge Market, Edinburgh, UK","Stockbridge Market, Edinburgh, UK",mecanico,
europa_occidental.csv,Edimburgo,Edinburgh Farmers' Market,"Castle Terrace, Edinburgh, UK","Castle Terrace, Edinburgh, UK",mecanico,
europa_occidental.csv,Edimburgo,Sandy Bell's,"Sandy Bell's, Edinburgh, UK","Sandy Bell's, Edinburgh, UK",mecanico,
europa_occidental.csv,Edimburgo,Victoria Street,"Victoria Street, Edinburgh, UK","Victoria Street, Edinburgh, UK",mecanico,
europa_occidental.csv,Edimburgo,The Elephant House,"The Elephant House, Edinburgh, UK","The Elephant House, Edinburgh, UK",mecanico,
europa_occidental.csv,Edimburgo,Balmoral Hotel,"The Balmoral Hotel, Edinburgh, UK","The Balmoral Hotel, Edinburgh, UK",mecanico,
europa_occidental.csv,Edimburgo,Old Town,"Royal Mile, Edinburgh, UK","Royal Mile, Edinburgh, UK",mecanico,
europa_occidental.csv,Edimburgo,New Town,"New Town, Edinburgh, UK","New Town, Edinburgh, UK",mecanico,
europa_occidental.csv,Edimburgo,Stockbridge,"Stockbridge, Edinburgh, UK","Stockbridge, Edinburgh, UK",mecanico,
europa_occidental.csv,Edimburgo,Leith,"Leith, Edinburgh, UK","Leith, Edinburgh, UK",mecanico,
europa_occidental.csv,Highlands,West Highland Museum,"West Highland Museum, Fort William, UK","West Highland Museum, Fort William, UK",mecanico,
europa_occidental.csv,Highlands,Nevis Range Gondola,"Nevis Range, Fort William, UK","Nevis Range, Fort William, UK",mecanico,
europa_occidental.csv,Highlands,Ben Nevis,"Ben Nevis, UK","Ben Nevis, Fort William, UK",mecanico,
europa_occidental.csv,Highlands,Neptune's Staircase,"Neptune's Staircase, Banavie, UK","Neptune's Staircase, Banavie, Fort William, UK",mecanico,
europa_occidental.csv,Highlands,Fort William Town,"Fort William, UK","Fort William, UK",mecanico,
europa_occidental.csv,Highlands,Buachaille Etive Mòr,"Buachaille Etive Mor, UK","Buachaille Etive Mor, Glencoe, UK",mecanico,
europa_occidental.csv,Highlands,Glen Etive,"Glen Etive, UK","Glen Etive, Glencoe, UK",mecanico,
europa_occidental.csv,Highlands,Lost Valley (Coire Gabhail),"Lost Valley, Glencoe, UK","Lost Valley, Glencoe, UK",mecanico,
europa_occidental.csv,Highlands,Signal Rock,"Signal Rock, Glencoe, UK","Signal Rock, Glencoe, UK",mecanico,
europa_occidental.csv,Highlands,Glencoe Lochan,"Glencoe Lochan, UK","Glencoe Lochan, Glencoe, UK",mecanico,
europa_occidental.csv,Highlands,Glencoe Visitor Centre,"Glencoe Visitor Centre, UK","Glencoe Visitor Centre, Glencoe, UK",mecanico,
europa_occidental.csv,Highlands,Devil's Staircase,"Devil's Staircase, Kinlochleven, UK","Devil's Staircase, Kinlochleven, Glencoe, UK",mecanico,
europa_occidental.csv,Highlands,Glenfinnan Viaduct,"Glenfinnan Viaduct, UK","Glenfinnan Viaduct, Glenfinnan, UK",mecanico,
europa_occidental.csv,Highlands,Glenfinnan Monument,"Glenfinnan Monument, UK","Glenfinnan Monument, Glenfinnan, UK",mecanico,
europa_occidental.csv,Highlands,Castle Stalker,"Castle Stalker, Portnacroish, UK","Castle Stalker, Portnacroish, Oban, UK",mecanico,
europa_occidental.csv,Highlands,Oban,"Oban, UK","Oban, UK",mecanico,
europa_occidental.csv,Highlands,Loch Lomond,"Loch Lomond, UK","Loch Lomond, Balloch, UK",mecanico,
europa_occidental.csv,Highlands,Eilean Donan Castle,"Eilean Donan Castle, Dornie, UK","Eilean Donan Castle, Dornie, Highland, UK",mecanico,
europa_occidental.csv,Highlands,Plockton,"Plockton, UK","Plockton, Highland, UK",mecanico,
europa_occidental.csv,Highlands,Bealach na Bà / Applecross,"Bealach na Ba, Applecross, UK","Bealach na Ba, Applecross, Highland, UK",mecanico,
europa_occidental.csv,Highlands,Old Man of Storr,"Old Man of Storr, Isle of Skye, UK","Old Man of Storr, Isle of Skye, Portree, UK",mecanico,
europa_occidental.csv,Highlands,Quiraing,"Quiraing, Isle of Skye, UK","Quiraing, Isle of Skye, Staffin, UK",mecanico,
europa_occidental.csv,Highlands,Fairy Glen,"Fairy Glen, Uig, Isle of Skye, UK","Fairy Glen, Uig, Staffin, UK",mecanico,
europa_occidental.csv,Highlands,Skye Museum of Island Life,"Skye Museum of Island Life, UK","Skye Museum of Island Life, Staffin, UK",mecanico,
europa_occidental.csv,Highlands,Neist Point Lighthouse,"Neist Point Lighthouse, Isle of Skye, UK","Neist Point Lighthouse, Isle of Skye, Dunvegan, UK",mecanico,
europa_occidental.csv,Highlands,Fairy Pools,"Fairy Pools, Glen Brittle, Isle of Skye, UK","Fairy Pools, Glen Brittle, Sligachan, UK",mecanico,
europa_occidental.csv,Highlands,Elgol,"Elgol, Isle of Skye, UK","Elgol, Isle of Skye, Sligachan, UK",mecanico,
europa_occidental.csv,Highlands,Loch Cluanie,"Loch Cluanie, UK","Loch Cluanie, Highland, UK",mecanico,
europa_occidental.csv,Highlands,Ness Islands,"Ness Islands, Inverness, UK","Ness Islands, Inverness, UK",mecanico,
europa_occidental.csv,Highlands,Inverness Castle,"Inverness Castle, UK","Inverness Castle, Inverness, UK",mecanico,
europa_occidental.csv,Highlands,Victorian Market,"Victorian Market, Inverness, UK","Victorian Market, Inverness, UK",mecanico,
europa_occidental.csv,Highlands,Church Street,"Church Street, Inverness, UK","Church Street, Inverness, UK",mecanico,
europa_occidental.csv,Highlands,Loch Ness Centre,"Loch Ness Centre, Drumnadrochit, UK","Loch Ness Centre, Drumnadrochit, UK",mecanico,
europa_occidental.csv,Highlands,Fort Augustus,"Fort Augustus, UK","Fort Augustus, Drumnadrochit, UK",mecanico,
europa_occidental.csv,Highlands,Culloden Battlefield,"Culloden Battlefield, Inverness, UK","Culloden Battlefield, Inverness, UK",mecanico,
europa_occidental.csv,Highlands,Fort George,"Fort George, Inverness, UK","Fort George, Inverness, UK",mecanico,
europa_occidental.csv,Highlands,Cawdor Castle,"Cawdor Castle, UK","Cawdor Castle, Inverness, UK",mecanico,
europa_occidental.csv,Highlands,Chanonry Point,"Chanonry Point, Fortrose, UK","Chanonry Point, Fortrose, Inverness, UK",mecanico,
europa_occidental.csv,Highlands,Glen Affric,"Glen Affric, UK","Glen Affric, Cannich, UK",mecanico,
europa_occidental.csv,Highlands,Cairngorms / Aviemore,"Aviemore, UK","Aviemore, UK",mecanico,
europa_occidental.csv,Highlands,Corrieshalloch Gorge,"Corrieshalloch Gorge, UK","Corrieshalloch Gorge, Ullapool, UK",mecanico,
europa_occidental.csv,Highlands,Pitlochry,"Pitlochry, UK","Pitlochry, UK",mecanico,
europa_occidental.csv,Highlands,Blair Castle,"Blair Castle, UK","Blair Castle, Pitlochry, UK",mecanico,
europa_occidental.csv,Highlands,Dunkeld,"Dunkeld, UK","Dunkeld, Pitlochry, UK",mecanico,
europa_occidental.csv,Highlands,Stirling Castle,"Stirling Castle, UK","Stirling Castle, Stirling, UK",mecanico,
europa_occidental.csv,Highlands,The Kelpies,"The Kelpies, Falkirk, UK","The Kelpies, Falkirk, Stirling, UK",mecanico,
europa_occidental.csv,Highlands,Falkirk Wheel,"Falkirk Wheel, UK","Falkirk Wheel, Stirling, UK",mecanico,
europa_occidental.csv,Highlands,Tomatin Distillery,"Tomatin Distillery, UK","Tomatin Distillery, Aviemore, UK",mecanico,
europa_occidental.csv,Ámsterdam,Anne Frank House,"Anne Frank House, Amsterdam","Anne Frank House, Amsterdam, Netherlands",mecanico,
europa_occidental.csv,Ámsterdam,Rijksmuseum,"Rijksmuseum, Amsterdam","Rijksmuseum, Amsterdam, Netherlands",mecanico,
europa_occidental.csv,Ámsterdam,Van Gogh Museum,"Van Gogh Museum, Amsterdam","Van Gogh Museum, Amsterdam, Netherlands",mecanico,
europa_occidental.csv,Ámsterdam,Stedelijk Museum,"Stedelijk Museum, Amsterdam","Stedelijk Museum, Amsterdam, Netherlands",mecanico,
europa_occidental.csv,Ámsterdam,Rembrandt House,"Rembrandt House Museum, Amsterdam","Rembrandt House Museum, Amsterdam, Netherlands",mecanico,
europa_occidental.csv,Ámsterdam,Hortus Botanicus,"Hortus Botanicus, Amsterdam","Hortus Botanicus, Amsterdam, Netherlands",mecanico,
europa_occidental.csv,Ámsterdam,Red Light Secrets,"Red Light Secrets, Amsterdam","Red Light Secrets, Amsterdam, Netherlands",mecanico,
europa_occidental.csv,Ámsterdam,Hash Marihuana & Hemp Museum,"Hash Marihuana Hemp Museum, Amsterdam","Hash Marihuana Hemp Museum, Amsterdam, Netherlands",mecanico,
europa_occidental.csv,Ámsterdam,Amsterdam Museum,Amsterdam Museum,"Amsterdam Museum, Amsterdam, Netherlands",mecanico,
europa_occidental.csv,Ámsterdam,Moco Museum,"Moco Museum, Amsterdam","Moco Museum, Amsterdam, Netherlands",mecanico,
europa_occidental.csv,Ámsterdam,Magere Brug,"Magere Brug, Amsterdam","Magere Brug, Amsterdam, Netherlands",mecanico,
europa_occidental.csv,Ámsterdam,Jordaan,"Jordaan, Amsterdam","Jordaan, Amsterdam, Netherlands",mecanico,
europa_occidental.csv,Ámsterdam,De Pijp,"De Pijp, Amsterdam","De Pijp, Amsterdam, Netherlands",mecanico,
europa_occidental.csv,Ámsterdam,De Wallen (Red Light District),"De Wallen, Amsterdam","De Wallen, Amsterdam, Netherlands",mecanico,
europa_occidental.csv,Ámsterdam,Oud-West,"Oud-West, Amsterdam","Oud-West, Amsterdam, Netherlands",mecanico,
europa_occidental.csv,Ámsterdam,Oost,Amsterdam-Oost,"Amsterdam-Oost, Amsterdam, Netherlands",mecanico,
europa_occidental.csv,Ámsterdam,Grey Area,"Grey Area Coffeeshop, Amsterdam","Grey Area Coffeeshop, Amsterdam, Netherlands",mecanico,
europa_occidental.csv,Ámsterdam,Dampkring,"Dampkring, Handboogstraat, Amsterdam","Dampkring, Amsterdam, Netherlands",mecanico,
europa_occidental.csv,Ámsterdam,Paradox,"Paradox Coffeeshop, Amsterdam","Paradox Coffeeshop, Amsterdam, Netherlands",mecanico,
europa_occidental.csv,Ámsterdam,Magic Mushroom Gallery,"Magic Mushroom Gallery, Spuistraat, Amsterdam","Magic Mushroom Gallery, Amsterdam, Netherlands",mecanico,
europa_occidental.csv,Ámsterdam,Tatanka,"Tatanka Smartshop, Amsterdam","Tatanka Smartshop, Amsterdam, Netherlands",mecanico,
europa_occidental.csv,Ámsterdam,Café 't Smalle,"Café 't Smalle, Amsterdam","Café 't Smalle, Amsterdam, Netherlands",mecanico,
europa_occidental.csv,Ámsterdam,Proeflokaal Wynand Fockink,"Wynand Fockink, Amsterdam","Wynand Fockink, Amsterdam, Netherlands",mecanico,
europa_occidental.csv,Ámsterdam,Brouwerij 't IJ,"Brouwerij 't IJ, Amsterdam","Brouwerij 't IJ, Amsterdam, Netherlands",mecanico,
europa_occidental.csv,Ámsterdam,Café de Dokter,"Café de Dokter, Amsterdam","Café de Dokter, Amsterdam, Netherlands",mecanico,
europa_occidental.csv,Ámsterdam,Gollem,"Gollem, Raamsteeg, Amsterdam","Gollem, Amsterdam, Netherlands",mecanico,
europa_occidental.csv,Ámsterdam,A'DAM Lookout,"A'DAM Lookout, Amsterdam","A'DAM Lookout, Amsterdam, Netherlands",mecanico,
europa_occidental.csv,Ámsterdam,Heineken Experience,"Heineken Experience, Amsterdam","Heineken Experience, Amsterdam, Netherlands",mecanico,
europa_occidental.csv,Ámsterdam,Rembrandtplein,"Rembrandtplein, Amsterdam","Rembrandtplein, Amsterdam, Netherlands",mecanico,
europa_occidental.csv,Ámsterdam,Vondelpark,"Vondelpark, Amsterdam","Vondelpark, Amsterdam, Netherlands",mecanico,
europa_occidental.csv,Ámsterdam,Begijnhof,"Begijnhof, Amsterdam","Begijnhof, Amsterdam, Netherlands",mecanico,
europa_occidental.csv,Ámsterdam,Nieuwmarkt,"Nieuwmarkt, Amsterdam","Nieuwmarkt, Amsterdam, Netherlands",mecanico,
europa_occidental.csv,Ámsterdam,Sarphatipark,"Sarphatipark, Amsterdam","Sarphatipark, Amsterdam, Netherlands",mecanico,
europa_occidental.csv,Ámsterdam,Albert Cuypmarkt,"Albert Cuypmarkt, Amsterdam","Albert Cuypmarkt, Amsterdam, Netherlands",mecanico,
europa_occidental.csv,Ámsterdam,Noordermarkt,"Noordermarkt, Amsterdam","Noordermarkt, Amsterdam, Netherlands",mecanico,
europa_occidental.csv,Ámsterdam,Bloemenmarkt,"Bloemenmarkt, Amsterdam","Bloemenmarkt, Amsterdam, Netherlands",mecanico,
europa_occidental.csv,Colmar,Petite Venise,"La Petite Venise, Colmar, France","La Petite Venise, Colmar, France",mecanico,
europa_occidental.csv,Colmar,Quai de la Poissonnerie,"Quai de la Poissonnerie, Colmar, France","Quai de la Poissonnerie, Colmar, France",mecanico,
europa_occidental.csv,Colmar,Maison Pfister,"Maison Pfister, Colmar, France","Maison Pfister, Colmar, France",mecanico,
europa_occidental.csv,Colmar,Maison des Têtes,"Maison des Têtes, Colmar, France","Maison des Têtes, Colmar, France",mecanico,
europa_occidental.csv,Colmar,Collégiale Saint-Martin,"Collégiale Saint-Martin, Colmar, France","Collégiale Saint-Martin, Colmar, France",mecanico,
europa_occidental.csv,Colmar,Ancien Corps de Garde,"Ancien Corps de Garde, Colmar, France","Ancien Corps de Garde, Colmar, France",mecanico,
europa_occidental.csv,Colmar,Barrio des Juifs,"Rue des Juifs, Colmar, France","Rue des Juifs, Colmar, France",mecanico,
europa_occidental.csv,Colmar,Rue des Têtes,"Rue des Têtes, Colmar, France","Rue des Têtes, Colmar, France",mecanico,
europa_occidental.csv,Colmar,Musée Unterlinden,"Musée Unterlinden, Colmar, France","Musée Unterlinden, Colmar, France",mecanico,
europa_occidental.csv,Colmar,Musée Bartholdi,"Musée Bartholdi, Colmar, France","Musée Bartholdi, Colmar, France",mecanico,
europa_occidental.csv,Colmar,Musée du Jouet,"Musée du Jouet, Colmar, France","Musée du Jouet, Colmar, France",mecanico,
europa_occidental.csv,Colmar,Musée d'Histoire Naturelle et d'Ethnographie,"Musée d'Histoire Naturelle et d'Ethnographie, Colmar, France","Musée d'Histoire Naturelle et d'Ethnographie, Colmar, France",mecanico,
europa_occidental.csv,Colmar,Marché Couvert (Les Halles),"Marché Couvert Colmar, France","Marché Couvert Colmar, Colmar, France",mecanico,
europa_occidental.csv,Colmar,Eguisheim,"Eguisheim, France","Eguisheim, Colmar, France",mecanico,
europa_occidental.csv,Colmar,Kaysersberg,"Kaysersberg, France","Kaysersberg, Colmar, France",mecanico,
europa_occidental.csv,Colmar,Riquewihr,"Riquewihr, France","Riquewihr, Colmar, France",mecanico,
europa_occidental.csv,Colmar,Turckheim,"Turckheim, France","Turckheim, Colmar, France",mecanico,
europa_occidental.csv,Colmar,Ribeauvillé,"Ribeauvillé, France","Ribeauvillé, Colmar, France",mecanico,
europa_occidental.csv,Colmar,Château du Haut-Koenigsbourg,"Château du Haut-Koenigsbourg, France","Château du Haut-Koenigsbourg, Colmar, France",mecanico,
europa_occidental.csv,Estrasburgo,Catedral Notre-Dame,"Cathédrale Notre-Dame de Strasbourg, France","Cathédrale Notre-Dame de Strasbourg, Strasbourg, France",mecanico,
europa_occidental.csv,Estrasburgo,Grande Île,"Grande Île, Strasbourg, France","Grande Île, Strasbourg, France",mecanico,
europa_occidental.csv,Estrasburgo,Petite France,"Petite France, Strasbourg, France","Petite France, Strasbourg, France",mecanico,
europa_occidental.csv,Estrasburgo,Barrage Vauban + Ponts Couverts,"Barrage Vauban, Strasbourg, France","Barrage Vauban, Strasbourg, France",mecanico,
europa_occidental.csv,Estrasburgo,Place Kléber,"Place Kléber, Strasbourg, France","Place Kléber, Strasbourg, France",mecanico,
europa_occidental.csv,Estrasburgo,Place Gutenberg,"Place Gutenberg, Strasbourg, France","Place Gutenberg, Strasbourg, France",mecanico,
europa_occidental.csv,Estrasburgo,Palais Rohan (3 museos),"Palais Rohan, Strasbourg, France","Palais Rohan, Strasbourg, France",mecanico,
europa_occidental.csv,Estrasburgo,Château Vodou,"Château Vodou, Strasbourg, France","Château Vodou, Strasbourg, France",mecanico,
europa_occidental.csv,Estrasburgo,Musée de l'Œuvre Notre-Dame,"Musée de l'Œuvre Notre-Dame, Strasbourg, France","Musée de l'Œuvre Notre-Dame, Strasbourg, France",mecanico,
europa_occidental.csv,Estrasburgo,Barrio Krutenau,"Krutenau, Strasbourg, France","Krutenau, Strasbourg, France",mecanico,
europa_occidental.csv,Estrasburgo,Quai des Bateliers,"Quai des Bateliers, Strasbourg, France","Quai des Bateliers, Strasbourg, France",mecanico,
europa_occidental.csv,Estrasburgo,Parc de l'Orangerie,"Parc de l'Orangerie, Strasbourg, France","Parc de l'Orangerie, Strasbourg, France",mecanico,
europa_occidental.csv,Estrasburgo,Jardin des Deux Rives,"Jardin des Deux Rives, Strasbourg, France","Jardin des Deux Rives, Strasbourg, France",mecanico,
europa_occidental.csv,Estrasburgo,Batorama (barco canales),"Batorama, Strasbourg, France","Batorama, Strasbourg, France",mecanico,
europa_occidental.csv,Estrasburgo,Palais des Droits de l'Homme,"Cour Européenne des Droits de l'Homme, Strasbourg, France","Cour Européenne des Droits de l'Homme, Strasbourg, France",mecanico,
europa_occidental.csv,París,Torre Eiffel,"Tour Eiffel, Paris","Tour Eiffel, Paris, France",mecanico,
europa_occidental.csv,París,Sainte-Chapelle,"Sainte-Chapelle, Paris, France","Sainte-Chapelle, Paris, France",mecanico,
europa_occidental.csv,París,Notre-Dame,"Notre-Dame, Paris, France","Notre-Dame, Paris, France",mecanico,
europa_occidental.csv,París,Arco del Triunfo,"Arc de Triomphe, Paris","Arc de Triomphe, Paris, France",mecanico,
europa_occidental.csv,París,Sacré-Cœur,"Basilique du Sacré-Cœur, Paris","Basilique du Sacré-Cœur, Paris, France",mecanico,
europa_occidental.csv,París,Conciergerie,"Conciergerie, Paris, France","Conciergerie, Paris, France",mecanico,
europa_occidental.csv,París,Panthéon,"Panthéon, Paris, France","Panthéon, Paris, France",mecanico,
europa_occidental.csv,París,Palais Royal (jardines),"Jardin du Palais Royal, Paris","Jardin du Palais Royal, Paris, France",mecanico,
europa_occidental.csv,París,Tour Montparnasse,"Tour Montparnasse, Paris, France","Tour Montparnasse, Paris, France",mecanico,
europa_occidental.csv,París,Louvre,"Louvre, Paris, France","Louvre, Paris, France",mecanico,
europa_occidental.csv,París,Catacumbas de París,Catacombes de Paris,"Catacombes de Paris, Paris, France",mecanico,
europa_occidental.csv,París,Musée Carnavalet,"Musée Carnavalet, Paris, France","Musée Carnavalet, Paris, France",mecanico,
europa_occidental.csv,París,Musée de Cluny (Musée national du Moyen Âge),"Musée de Cluny, Paris","Musée de Cluny, Paris, France",mecanico,
europa_occidental.csv,París,Musée d'Orsay,"Musée d'Orsay, Paris, France","Musée d'Orsay, Paris, France",mecanico,
europa_occidental.csv,París,Fondation Louis Vuitton,"Fondation Louis Vuitton, Paris, France","Fondation Louis Vuitton, Paris, France",mecanico,
europa_occidental.csv,París,Musée de l'Armée,"Musée de l'Armée, Paris, France","Musée de l'Armée, Paris, France",mecanico,
europa_occidental.csv,París,Centre Pompidou,"Centre Pompidou, Paris, France","Centre Pompidou, Paris, France",mecanico,
europa_occidental.csv,París,Père Lachaise,"Cimetière du Père-Lachaise, Paris","Cimetière du Père-Lachaise, Paris, France",mecanico,
europa_occidental.csv,París,Parc de Belleville,"Parc de Belleville, Paris, France","Parc de Belleville, Paris, France",mecanico,
europa_occidental.csv,París,Promenade Plantée,"Promenade Plantée, Paris, France","Promenade Plantée, Paris, France",mecanico,
europa_occidental.csv,París,Bois de Boulogne,"Bois de Boulogne, Paris, France","Bois de Boulogne, Paris, France",mecanico,
europa_occidental.csv,París,Île aux Cygnes,"Île aux Cygnes, Paris, France","Île aux Cygnes, Paris, France",mecanico,
europa_occidental.csv,París,Champ de Mars,"Champ de Mars, Paris, France","Champ de Mars, Paris, France",mecanico,
europa_occidental.csv,París,Montmartre (18ème sur),"Montmartre, Paris","Montmartre, Paris, France",mecanico,
europa_occidental.csv,París,Latin Quarter / Saint-Germain (5ème/6ème),"Quartier Latin, Paris","Quartier Latin, Paris, France",mecanico,
europa_occidental.csv,París,Canal Saint-Martin (10ème),"Canal Saint-Martin, Paris","Canal Saint-Martin, Paris, France",mecanico,
europa_occidental.csv,París,Oberkampf / Ménilmontant (11ème/20ème),"Oberkampf, Paris","Oberkampf, Paris, France",mecanico,
europa_occidental.csv,París,Belleville (19ème/20ème),"Belleville, Paris","Belleville, Paris, France",mecanico,
europa_occidental.csv,París,Île de la Cité + Île Saint-Louis,"Île Saint-Louis, Paris","Île Saint-Louis, Paris, France",mecanico,
europa_occidental.csv,París,"Pigalle / SoPi (South Pigalle, 9ème)","South Pigalle, Paris","South Pigalle, Paris, France",mecanico,
europa_occidental.csv,París,Marchés aux Puces de Saint-Ouen,"Marchés aux Puces de Saint-Ouen, Paris, France","Marchés aux Puces de Saint-Ouen, Paris, France",mecanico,
europa_occidental.csv,París,Marché Bastille,"Marché Bastille, Paris","Marché Bastille, Paris, France",mecanico,
europa_occidental.csv,Londres,St Bride's Church,"St Bride's Church, Fleet Street, London, UK","St Bride's Church, Fleet Street, London, UK",mecanico,
europa_occidental.csv,Londres,Monument to the Great Fire,"Monument to the Great Fire of London, UK","Monument to the Great Fire of London, London, UK",mecanico,
europa_occidental.csv,Londres,Horizon 22,"Horizon 22, 22 Bishopsgate, London, UK","Horizon 22, 22 Bishopsgate, London, UK",mecanico,
europa_occidental.csv,Londres,Book Market South Bank,"Southbank Centre Book Market, London, UK","Southbank Centre Book Market, London, UK",mecanico,
europa_occidental.csv,Londres,House of MinaLima,"House of MinaLima, London, UK","House of MinaLima, London, UK",mecanico,
europa_occidental.csv,York,City Walls,"York City Walls, UK","York City Walls, York, UK",mecanico,
europa_occidental.csv,York,Shambles Market,"Shambles Market, York, UK","Shambles Market, York, UK",mecanico,
europa_occidental.csv,York,Museum Gardens,"Museum Gardens, York, UK","Museum Gardens, York, UK",mecanico,
europa_occidental.csv,York,Betty's Tea Room,"Bettys, St Helen's Square, York, UK","Bettys, St Helen's Square, York, UK",mecanico,
europa_occidental.csv,Edimburgo,Real Mary King's Close,"Real Mary King's Close, Edinburgh, UK","Real Mary King's Close, Edinburgh, UK",mecanico,
europa_occidental.csv,Edimburgo,Scottish National Gallery of Modern Art,"Scottish National Gallery of Modern Art, Edinburgh, UK","Scottish National Gallery of Modern Art, Edinburgh, UK",mecanico,
europa_occidental.csv,Highlands,Glen Nevis & Steall Falls,"Steall Falls, Glen Nevis, UK","Steall Falls, Glen Nevis, Fort William, UK",mecanico,
europa_occidental.csv,Highlands,Old Inverlochy Castle,"Old Inverlochy Castle, Fort William, UK","Old Inverlochy Castle, Fort William, UK",mecanico,
europa_occidental.csv,Highlands,Glencoe Valley (Three Sisters),"Three Sisters, Glencoe, UK","Three Sisters, Glencoe, UK",mecanico,
europa_occidental.csv,Highlands,Mallaig + Silver Sands of Morar,"Silver Sands of Morar, UK","Silver Sands of Morar, Mallaig, UK",mecanico,
europa_occidental.csv,Highlands,Puerto de Portree,"Portree Harbour, Isle of Skye, UK","Portree Harbour, Isle of Skye, Portree, UK",mecanico,
europa_occidental.csv,Highlands,Kilt Rock & Mealt Falls,"Kilt Rock, Isle of Skye, UK","Kilt Rock, Isle of Skye, Staffin, UK",mecanico,
europa_occidental.csv,Highlands,Lealt Falls,"Lealt Falls, Isle of Skye, UK","Lealt Falls, Isle of Skye, Portree, UK",mecanico,
europa_occidental.csv,Highlands,Brothers' Point,"Rubha nam Brathairean, Isle of Skye, UK","Rubha nam Brathairean, Isle of Skye, Staffin, UK",mecanico,
europa_occidental.csv,Highlands,Duntulm Castle,"Duntulm Castle, Isle of Skye, UK","Duntulm Castle, Isle of Skye, Staffin, UK",mecanico,
europa_occidental.csv,Highlands,Dunvegan Castle,"Dunvegan Castle, Isle of Skye, UK","Dunvegan Castle, Isle of Skye, Dunvegan, UK",mecanico,
europa_occidental.csv,Highlands,Coral Beach,"Coral Beach, Claigan, Isle of Skye, UK","Coral Beach, Claigan, Dunvegan, UK",mecanico,
europa_occidental.csv,Highlands,Sligachan Old Bridge,"Sligachan Old Bridge, Isle of Skye, UK","Sligachan Old Bridge, Isle of Skye, Sligachan, UK",mecanico,
europa_occidental.csv,Highlands,Glen Brittle,"Glen Brittle, Isle of Skye, UK","Glen Brittle, Isle of Skye, Sligachan, UK",mecanico,
europa_occidental.csv,Highlands,Talisker Distillery,"Talisker Distillery, Isle of Skye, UK","Talisker Distillery, Isle of Skye, Sligachan, UK",mecanico,
europa_occidental.csv,Highlands,Talisker Bay,"Talisker Bay, Isle of Skye, UK","Talisker Bay, Isle of Skye, Sligachan, UK",mecanico,
europa_occidental.csv,Highlands,Armadale Castle,"Armadale Castle, Isle of Skye, UK","Armadale Castle, Isle of Skye, Mallaig, UK",mecanico,
europa_occidental.csv,Highlands,Glen Shiel & Five Sisters,"Five Sisters of Kintail, UK","Five Sisters of Kintail, Highland, UK",mecanico,
europa_occidental.csv,Highlands,Leakey's Bookshop,"Leakey's Bookshop, Inverness, UK","Leakey's Bookshop, Inverness, UK",mecanico,
europa_occidental.csv,Highlands,Urquhart Castle,"Urquhart Castle, Drumnadrochit, UK","Urquhart Castle, Drumnadrochit, UK",mecanico,
europa_occidental.csv,Highlands,Dores Beach,"Dores Beach, Loch Ness, UK","Dores Beach, Loch Ness, Drumnadrochit, UK",mecanico,
europa_occidental.csv,Highlands,Falls of Foyers,"Falls of Foyers, Loch Ness, UK","Falls of Foyers, Loch Ness, Drumnadrochit, UK",mecanico,
europa_occidental.csv,Highlands,Clava Cairns,"Clava Cairns, Inverness, UK","Clava Cairns, Inverness, UK",mecanico,
europa_occidental.csv,Highlands,Rogie Falls,"Rogie Falls, Strathpeffer, UK","Rogie Falls, Strathpeffer, Contin, UK",mecanico,
europa_occidental.csv,Highlands,Killiecrankie,"Killiecrankie, Pitlochry, UK","Killiecrankie, Pitlochry, UK",mecanico,
europa_occidental.csv,Highlands,Edradour Distillery,"Edradour Distillery, Pitlochry, UK","Edradour Distillery, Pitlochry, UK",mecanico,
europa_occidental.csv,Ámsterdam,NEMO Science Museum,"NEMO Science Museum, Amsterdam","NEMO Science Museum, Amsterdam, Netherlands",mecanico,
europa_occidental.csv,Ámsterdam,NDSM Wharf,"NDSM Wharf, Amsterdam","NDSM Wharf, Amsterdam, Netherlands",mecanico,
europa_occidental.csv,Ámsterdam,Boerejongens,"Boerejongens Coffeeshop, Amsterdam","Boerejongens Coffeeshop, Amsterdam, Netherlands",mecanico,
europa_occidental.csv,Ámsterdam,Barney's,"Barney's Coffeeshop, Reguliersgracht, Amsterdam","Barney's Coffeeshop, Amsterdam, Netherlands",mecanico,
europa_occidental.csv,Ámsterdam,OBA Biblioteca Central,"OBA Oosterdok, Amsterdam","OBA Oosterdok, Amsterdam, Netherlands",mecanico,
europa_occidental.csv,Colmar,Quartier des Tanneurs,"Quartier des Tanneurs, Colmar, France","Quartier des Tanneurs, Colmar, France",mecanico,
europa_occidental.csv,Colmar,Fontaine Roesselmann,"Place de l'Ancienne Douane, Colmar, France","Place de l'Ancienne Douane, Colmar, France",mecanico,
europa_occidental.csv,Estrasburgo,Reloj Astronómico,"Cathédrale Notre-Dame de Strasbourg, France","Cathédrale Notre-Dame de Strasbourg, Strasbourg, France",mecanico,
europa_occidental.csv,Estrasburgo,MAMCS - Arte Moderno,"Musée d'Art Moderne et Contemporain, Strasbourg, France","Musée d'Art Moderne et Contemporain, Strasbourg, France",mecanico,
europa_occidental.csv,Estrasburgo,Fort Poligone,"Fort Poligone, Strasbourg, France","Fort Poligone, Strasbourg, France",mecanico,
europa_occidental.csv,Estrasburgo,Neustadt,"Place de la République, Strasbourg, France","Place de la République, Strasbourg, France",mecanico,
europa_occidental.csv,Estrasburgo,Barrio Europeo,"Parlement Européen, Strasbourg, France","Parlement Européen, Strasbourg, France",mecanico,
europa_occidental.csv,Estrasburgo,Parlamento Europeo,"Parlement Européen, Strasbourg, France","Parlement Européen, Strasbourg, France",mecanico,
europa_occidental.csv,Estrasburgo,Consejo de Europa,"Conseil de l'Europe, Strasbourg, France","Conseil de l'Europe, Strasbourg, France",mecanico,
europa_occidental.csv,París,Petit Palais,"Petit Palais, Paris, France","Petit Palais, Paris, France",mecanico,
europa_occidental.csv,París,Jardines de Luxemburgo,"Jardin du Luxembourg, Paris","Jardin du Luxembourg, Paris, France",mecanico,
europa_occidental.csv,París,Le Marais (3ème/4ème),"Le Marais, Paris","Le Marais, Paris, France",mecanico,
europa_central.csv,Friburgo,Freiburger Münster,"Freiburger Münster, Freiburg","Freiburger Münster, Freiburg im Breisgau, Germany",mecanico,
europa_central.csv,Friburgo,Altstadt + Bächle,"Altstadt, Freiburg im Breisgau","Altstadt, Freiburg im Breisgau, Germany",mecanico,
europa_central.csv,Friburgo,Schlossberg,"Schlossberg, Freiburg","Schlossberg, Freiburg im Breisgau, Germany",mecanico,
europa_central.csv,Friburgo,Martinstor,"Martinstor, Freiburg","Martinstor, Freiburg im Breisgau, Germany",mecanico,
europa_central.csv,Friburgo,Schwabentor,"Schwabentor, Freiburg","Schwabentor, Freiburg im Breisgau, Germany",mecanico,
europa_central.csv,Friburgo,Rathausplatz,"Rathausplatz, Freiburg","Rathausplatz, Freiburg im Breisgau, Germany",mecanico,
europa_central.csv,Friburgo,Colombischlössle,"Colombischlössle, Freiburg","Colombischlössle, Freiburg im Breisgau, Germany",mecanico,
europa_central.csv,Friburgo,Barrio Stühlinger,"Stühlinger, Freiburg","Stühlinger, Freiburg im Breisgau, Germany",mecanico,
europa_central.csv,Friburgo,Barrio Vauban,"Vauban, Freiburg","Vauban, Freiburg im Breisgau, Germany",mecanico,
europa_central.csv,Friburgo,Augustinermuseum,"Augustinermuseum, Freiburg","Augustinermuseum, Freiburg im Breisgau, Germany",mecanico,
europa_central.csv,Friburgo,Museum Natur und Mensch,"Museum Natur und Mensch, Freiburg","Museum Natur und Mensch, Freiburg im Breisgau, Germany",mecanico,
europa_central.csv,Friburgo,Uniseum,"Uniseum, Freiburg","Uniseum, Freiburg im Breisgau, Germany",mecanico,
europa_central.csv,Friburgo,Museum für Stadtgeschichte,"Museum für Stadtgeschichte, Freiburg","Museum für Stadtgeschichte, Freiburg im Breisgau, Germany",mecanico,
europa_central.csv,Friburgo,Münstermarkt,"Münstermarkt, Freiburg","Münstermarkt, Freiburg im Breisgau, Germany",mecanico,
europa_central.csv,Friburgo,Markt Stühlinger,"Stühlinger Kirchplatz, Freiburg","Stühlinger Kirchplatz, Freiburg im Breisgau, Germany",mecanico,
europa_central.csv,Friburgo,Wutachschlucht,Wutachschlucht,"Wutachschlucht, Freiburg im Breisgau, Germany",mecanico,
europa_central.csv,Friburgo,Feldberg + Feldsee,"Feldberg, Schwarzwald","Feldberg, Freiburg im Breisgau, Germany",mecanico,
europa_central.csv,Friburgo,Triberg,Triberger Wasserfälle,"Triberger Wasserfälle, Freiburg im Breisgau, Germany",mecanico,
europa_central.csv,Friburgo,Titisee,Titisee,"Titisee, Freiburg im Breisgau, Germany",mecanico,
europa_central.csv,Friburgo,Schluchsee,Schluchsee,"Schluchsee, Freiburg im Breisgau, Germany",mecanico,
europa_central.csv,Friburgo,Staufen im Breisgau,Staufen im Breisgau,"Staufen im Breisgau, Freiburg im Breisgau, Germany",mecanico,
europa_central.csv,Friburgo,Breisach am Rhein,Breisach am Rhein,"Breisach am Rhein, Freiburg im Breisgau, Germany",mecanico,
europa_central.csv,Grindelwald,Bachalpsee,"Bachalpsee, Grindelwald","Bachalpsee, Grindelwald, Switzerland",mecanico,
europa_central.csv,Grindelwald,First (Cliff Walk),Grindelwald First,"Grindelwald First, Grindelwald, Switzerland",mecanico,
europa_central.csv,Grindelwald,First Flieger / Glider,"First Flieger, Grindelwald","First Flieger, Grindelwald, Switzerland",mecanico,
europa_central.csv,Grindelwald,Jungfraujoch,Jungfraujoch,"Jungfraujoch, Grindelwald, Switzerland",mecanico,
europa_central.csv,Grindelwald,Grindelwald pueblo,Grindelwald,"Grindelwald, Switzerland",mecanico,
europa_central.csv,Grindelwald,Grindelwald Terminal,Grindelwald Terminal,"Grindelwald Terminal, Grindelwald, Switzerland",mecanico,
europa_central.csv,Grindelwald,Pfingstegg,"Pfingstegg, Grindelwald","Pfingstegg, Grindelwald, Switzerland",mecanico,
europa_central.csv,Grindelwald,Männlichen,Männlichen,"Männlichen, Grindelwald, Switzerland",mecanico,
europa_central.csv,Grindelwald,Kleine Scheidegg,Kleine Scheidegg,"Kleine Scheidegg, Grindelwald, Switzerland",mecanico,
europa_central.csv,Grindelwald,Eigergletscher (Eiger Trail),Eigergletscher,"Eigergletscher, Grindelwald, Switzerland",mecanico,
europa_central.csv,Grindelwald,Grosse Scheidegg,Grosse Scheidegg,"Grosse Scheidegg, Grindelwald, Switzerland",mecanico,
europa_central.csv,Grindelwald,Faulhorn,Faulhorn,"Faulhorn, Grindelwald, Switzerland",mecanico,
europa_central.csv,Interlaken,Harder Kulm,"Harder Kulm, Interlaken","Harder Kulm, Interlaken, Switzerland",mecanico,
europa_central.csv,Interlaken,Höhematte / Höheweg,"Höhematte, Interlaken","Höhematte, Interlaken, Switzerland",mecanico,
europa_central.csv,Interlaken,Unterseen,"Unterseen, Interlaken","Unterseen, Interlaken, Switzerland",mecanico,
europa_central.csv,Interlaken,Paseo del río Aare,"Aare, Interlaken","Aare, Interlaken, Switzerland",mecanico,
europa_central.csv,Interlaken,Iseltwald (Lago de Brienz),Iseltwald,"Iseltwald, Interlaken, Switzerland",mecanico,
europa_central.csv,Interlaken,Giessbachfälle,"Giessbachfälle, Brienz","Giessbachfälle, Interlaken, Switzerland",mecanico,
europa_central.csv,Interlaken,Spiez (Lago de Thun),Spiez,"Spiez, Interlaken, Switzerland",mecanico,
europa_central.csv,Interlaken,St. Beatus-Höhlen,St. Beatus-Höhlen,"St. Beatus-Höhlen, Interlaken, Switzerland",mecanico,
europa_central.csv,Interlaken,Ballenberg,Ballenberg Freilichtmuseum,"Ballenberg Freilichtmuseum, Interlaken, Switzerland",mecanico,
europa_central.csv,Interlaken,Brienz,Brienz,"Brienz, Interlaken, Switzerland",mecanico,
europa_central.csv,Interlaken,Schynige Platte,Schynige Platte,"Schynige Platte, Interlaken, Switzerland",mecanico,
europa_central.csv,Interlaken,Oeschinensee,"Oeschinensee, Kandersteg","Oeschinensee, Interlaken, Switzerland",mecanico,
europa_central.csv,Lauterbrunnen,Valle de Lauterbrunnen,Lauterbrunnen,"Lauterbrunnen, Switzerland",mecanico,
europa_central.csv,Lauterbrunnen,Trümmelbachfälle,Trümmelbachfälle,"Trümmelbachfälle, Lauterbrunnen, Switzerland",mecanico,
europa_central.csv,Lauterbrunnen,Stechelberg,Stechelberg,"Stechelberg, Lauterbrunnen, Switzerland",mecanico,
europa_central.csv,Lauterbrunnen,Mürren,Mürren,"Mürren, Lauterbrunnen, Switzerland",mecanico,
europa_central.csv,Lauterbrunnen,Gimmelwald,Gimmelwald,"Gimmelwald, Lauterbrunnen, Switzerland",mecanico,
europa_central.csv,Lauterbrunnen,Wengen,Wengen,"Wengen, Lauterbrunnen, Switzerland",mecanico,
europa_central.csv,Lauterbrunnen,Schilthorn / Piz Gloria,Schilthorn,"Schilthorn, Lauterbrunnen, Switzerland",mecanico,
europa_central.csv,Lauterbrunnen,Allmendhubel,"Allmendhubel, Mürren","Allmendhubel, Lauterbrunnen, Switzerland",mecanico,
europa_central.csv,Lucerna,Kapellbrücke,"Kapellbrücke, Luzern","Kapellbrücke, Luzern, Switzerland",mecanico,
europa_central.csv,Lucerna,Museggmauer,"Museggmauer, Luzern","Museggmauer, Luzern, Switzerland",mecanico,
europa_central.csv,Lucerna,Jesuitenkirche,"Jesuitenkirche, Luzern","Jesuitenkirche, Luzern, Switzerland",mecanico,
europa_central.csv,Lucerna,Monte Rigi,Rigi,"Rigi, Luzern, Switzerland",mecanico,
europa_central.csv,Innsbruck,Goldenes Dachl (Tejadillo de Oro),"Goldenes Dachl (Tejadillo de Oro), Innsbruck, Austria","Goldenes Dachl, Innsbruck, Austria",mecanico,
europa_central.csv,Innsbruck,Altstadt (callejeo),"Altstadt, Innsbruck","Altstadt, Innsbruck, Austria",mecanico,
europa_central.csv,Innsbruck,María-Theresien-Strasse,"María-Theresien-Strasse, Innsbruck, Austria","María-Theresien-Strasse, Innsbruck, Austria",mecanico,
europa_central.csv,Innsbruck,Río Inn + Paseo Innkai,"Río Inn + Paseo Innkai, Innsbruck, Austria","Río Inn Paseo Innkai, Innsbruck, Austria",mecanico,
europa_central.csv,Innsbruck,Hofburg Innsbruck,"Hofburg Innsbruck, Innsbruck, Austria","Hofburg Innsbruck, Innsbruck, Austria",mecanico,
europa_central.csv,Innsbruck,Nordkette — Top of Innsbruck,"Nordkette — Top of Innsbruck, Innsbruck, Austria","Nordkette — Top of Innsbruck, Innsbruck, Austria",mecanico,
europa_central.csv,Innsbruck,Patscherkofel + Zirbenweg,"Patscherkofel + Zirbenweg, Innsbruck, Austria","Patscherkofel Zirbenweg, Innsbruck, Austria",mecanico,
europa_central.csv,Innsbruck,Bergisel Ski Jump,"Bergisel Ski Jump, Innsbruck, Austria","Bergisel Ski Jump, Innsbruck, Austria",mecanico,
europa_central.csv,Innsbruck,Alpenzoo (Alpenzoo Innsbruck),"Alpenzoo (Alpenzoo Innsbruck), Innsbruck, Austria","Alpenzoo, Innsbruck, Austria",mecanico,
europa_central.csv,Innsbruck,Castillo Ambras (Schloss Ambras),"Schloss Ambras, Innsbruck","Schloss Ambras, Innsbruck, Austria",mecanico,
europa_central.csv,Innsbruck,Tirol Panorama + Kaiserjäger Museum,"Tirol Panorama, Innsbruck","Tirol Panorama, Innsbruck, Austria",mecanico,
europa_central.csv,Innsbruck,Swarovski Kristallwelten (Wattens),"Swarovski Kristallwelten (Wattens), Innsbruck, Austria","Swarovski Kristallwelten, Innsbruck, Austria",mecanico,
europa_central.csv,Viena,Palacio Schönbrunn,"Schönbrunn Palace, Vienna","Schönbrunn Palace, Wien, Austria",mecanico,
europa_central.csv,Viena,Palacio Belvedere (Upper Belvedere),"Upper Belvedere, Vienna","Upper Belvedere, Wien, Austria",mecanico,
europa_central.csv,Viena,Hofburg,"Hofburg Palace, Vienna","Hofburg Palace, Wien, Austria",mecanico,
europa_central.csv,Viena,Schönbrunn — jardines y Gloriette,"Gloriette, Schönbrunn, Vienna","Gloriette, Wien, Austria",mecanico,
europa_central.csv,Viena,Ringstrasse,"Ringstrasse, Vienna, Austria","Ringstrasse, Wien, Austria",mecanico,
europa_central.csv,Viena,Graben & Kohlmarkt,"Graben, Vienna","Graben, Wien, Austria",mecanico,
europa_central.csv,Viena,Karlskirche,"Karlskirche, Vienna, Austria","Karlskirche, Wien, Austria",mecanico,
europa_central.csv,Viena,Secession,"Secession, Vienna, Austria","Secession, Wien, Austria",mecanico,
europa_central.csv,Viena,Hofburg exterior + Heldenplatz,"Heldenplatz, Vienna","Heldenplatz, Wien, Austria",mecanico,
europa_central.csv,Viena,Naschmarkt,"Naschmarkt, Vienna, Austria","Naschmarkt, Wien, Austria",mecanico,
europa_central.csv,Viena,Café Central,"Café Central, Vienna","Café Central, Wien, Austria",mecanico,
europa_central.csv,Viena,Café Sperl,"Café Sperl, Vienna","Café Sperl, Wien, Austria",mecanico,
europa_central.csv,Viena,Café Hawelka,"Café Hawelka, Vienna","Café Hawelka, Wien, Austria",mecanico,
europa_central.csv,Viena,Café Sacher,"Café Sacher, Vienna","Café Sacher, Wien, Austria",mecanico,
europa_central.csv,Viena,Demel,"Demel, Vienna","Demel, Wien, Austria",mecanico,
europa_central.csv,Viena,Riesenrad (noria gigante),"Wiener Riesenrad, Vienna","Wiener Riesenrad, Wien, Austria",mecanico,
europa_central.csv,Viena,Wurstelprater,"Wurstelprater, Vienna","Wurstelprater, Wien, Austria",mecanico,
europa_central.csv,Viena,Schweizerhaus,"Schweizerhaus, Vienna, Austria","Schweizerhaus, Wien, Austria",mecanico,
europa_central.csv,Viena,Kunsthistorisches Museum (KHM),"Kunsthistorisches Museum, Vienna","Kunsthistorisches Museum, Wien, Austria",mecanico,
europa_central.csv,Viena,Albertina,"Albertina, Vienna, Austria","Albertina, Wien, Austria",mecanico,
europa_central.csv,Viena,Leopold Museum (MuseumsQuartier),"Leopold Museum, Vienna","Leopold Museum, Wien, Austria",mecanico,
europa_central.csv,Viena,Haus der Musik,"Haus der Musik, Vienna, Austria","Haus der Musik, Wien, Austria",mecanico,
europa_central.csv,Viena,Kunsthalle Wien,"Kunsthalle Wien, Vienna, Austria","Kunsthalle Wien, Wien, Austria",mecanico,
europa_central.csv,Viena,Naturhistorisches Museum,"Naturhistorisches Museum, Vienna","Naturhistorisches Museum, Wien, Austria",mecanico,
europa_central.csv,Viena,MQ Libelle (MuseumsQuartier),"MQ Libelle (MuseumsQuartier), Vienna, Austria","MQ Libelle, Wien, Austria",mecanico,
europa_central.csv,Viena,Kahlenberg,"Kahlenberg, Vienna, Austria","Kahlenberg, Wien, Austria",mecanico,
europa_central.csv,Viena,Donauturm,"Donauturm, Vienna, Austria","Donauturm, Wien, Austria",mecanico,
europa_central.csv,Viena,Karl-Marx-Hof,"Karl-Marx-Hof, Vienna, Austria","Karl-Marx-Hof, Wien, Austria",mecanico,
europa_central.csv,Viena,Zentralfriedhof,"Zentralfriedhof, Vienna, Austria","Zentralfriedhof, Wien, Austria",mecanico,
europa_central.csv,Viena,Spittelberg,"Spittelberg, Vienna, Austria","Spittelberg, Wien, Austria",mecanico,
europa_central.csv,Viena,Josefstadt (8º),"Josefstadt, Vienna","Josefstadt, Wien, Austria",mecanico,
europa_central.csv,Viena,Ottakring (16º),"Ottakring, Vienna","Ottakring, Wien, Austria",mecanico,
europa_central.csv,Viena,Augarten (2º),"Augarten, Vienna","Augarten, Wien, Austria",mecanico,
europa_central.csv,Viena,Donauinsel,"Donauinsel, Vienna, Austria","Donauinsel, Wien, Austria",mecanico,
europa_central.csv,Viena,Stadtpark,"Stadtpark, Vienna, Austria","Stadtpark, Wien, Austria",mecanico,
europa_central.csv,Viena,Burggarten,"Burggarten, Vienna, Austria","Burggarten, Wien, Austria",mecanico,
europa_central.csv,Praga,Puente de Carlos (Karlův most),"Puente de Carlos (Karlův most), Prague, Czechia","Karlův most, Praha, Czechia",mecanico,
europa_central.csv,Praga,Castillo de Praga (Hradčany),"Castillo de Praga (Hradčany), Prague, Czechia","Hradčany, Praha, Czechia",mecanico,
europa_central.csv,Praga,Reloj Astronómico (Orloj),"Reloj Astronómico (Orloj), Prague, Czechia","Orloj, Praha, Czechia",mecanico,
europa_central.csv,Praga,Plaza de la Ciudad Vieja (Staroměstské náměstí),"Plaza de la Ciudad Vieja (Staroměstské náměstí), Prague, Czechia","Staroměstské náměstí, Praha, Czechia",mecanico,
europa_central.csv,Praga,Muro de John Lennon,"Muro de John Lennon, Prague, Czechia","Muro de John Lennon, Praha, Czechia",mecanico,
europa_central.csv,Praga,Colina Petřín,"Colina Petřín, Prague, Czechia","Colina Petřín, Praha, Czechia",mecanico,
europa_central.csv,Praga,Malá Strana (Ciudad Pequeña),"Malá Strana, Prague","Malá Strana, Praha, Czechia",mecanico,
europa_central.csv,Praga,Vinohrady,"Vinohrady, Prague, Czechia","Vinohrady, Praha, Czechia",mecanico,
europa_central.csv,Praga,Žižkov,"Žižkov, Prague, Czechia","Žižkov, Praha, Czechia",mecanico,
europa_central.csv,Praga,Vyšehrad,"Vyšehrad, Prague, Czechia","Vyšehrad, Praha, Czechia",mecanico,
europa_central.csv,Praga,Karlín,"Karlín, Prague, Czechia","Karlín, Praha, Czechia",mecanico,
europa_central.csv,Praga,Holešovice,"Holešovice, Prague, Czechia","Holešovice, Praha, Czechia",mecanico,
europa_central.csv,Praga,Lokál,"Lokál, Prague, Czechia","Lokál, Praha, Czechia",mecanico,
europa_central.csv,Praga,Prague Beer Museum,"Prague Beer Museum, Prague","Prague Beer Museum, Praha, Czechia",mecanico,
europa_central.csv,Praga,U Fleků,"U Fleků, Prague, Czechia","U Fleků, Praha, Czechia",mecanico,
europa_central.csv,Praga,Zly Casy,"Zly Casy, Prague, Czechia","Zly Casy, Praha, Czechia",mecanico,
europa_central.csv,Praga,Letenský zámeček,"Letenský zámeček, Prague, Czechia","Letenský zámeček, Praha, Czechia",mecanico,
europa_central.csv,Praga,Riegrovy Sady beer garden (Vinohrady),"Riegrovy Sady beer garden (Vinohrady), Prague, Czechia","Riegrovy Sady beer garden, Praha, Czechia",mecanico,
europa_central.csv,Cracovia,Plaza del Mercado (Rynek Główny),"Plaza del Mercado (Rynek Główny), Kraków, Poland","Rynek Główny, Kraków, Poland",mecanico,
europa_central.csv,Cracovia,Castillo Wawel,"Castillo Wawel, Kraków, Poland","Castillo Wawel, Kraków, Poland",mecanico,
europa_central.csv,Cracovia,Mina de Sal de Wieliczka,"Mina de Sal de Wieliczka, Kraków, Poland","Mina de Sal de Wieliczka, Kraków, Poland",mecanico,
europa_central.csv,Cracovia,Auschwitz-Birkenau,"Auschwitz-Birkenau, Kraków, Poland","Auschwitz-Birkenau, Kraków, Poland",mecanico,
europa_central.csv,Cracovia,Fábrica de Schindler (Muzeum Krakowa),"Fábrica de Schindler (Muzeum Krakowa), Kraków, Poland","Muzeum Krakowa, Kraków, Poland",mecanico,
europa_central.csv,Cracovia,Plac Nowy,"Plac Nowy, Kraków, Poland","Plac Nowy, Kraków, Poland",mecanico,
europa_central.csv,Cracovia,Fábrica de Schindler,"Fábrica de Schindler, Kraków, Poland","Fábrica de Schindler, Kraków, Poland",mecanico,
europa_central.csv,Cracovia,Apoteka Pod Orlem (Farmacia del Águila),"Apoteka Pod Orlem (Farmacia del Águila), Kraków, Poland","Apoteka Pod Orlem, Kraków, Poland",mecanico,
europa_central.csv,Cracovia,Plac Centralny,"Plac Centralny, Kraków, Poland","Plac Centralny, Kraków, Poland",mecanico,
europa_central.csv,Cracovia,Arka Pana (Iglesia del Arca),"Arka Pana (Iglesia del Arca), Kraków, Poland","Arka Pana, Kraków, Poland",mecanico,
europa_central.csv,Cracovia,Bar Mleczny Centralny,"Bar Mleczny Centralny, Kraków","Bar Mleczny Centralny, Kraków, Poland",mecanico,
europa_central.csv,Cracovia,Planty,"Planty, Kraków, Poland","Planty, Kraków, Poland",mecanico,
europa_central.csv,Cracovia,Kościół Mariacki (Basílica de Santa María),"Kościół Mariacki (Basílica de Santa María), Kraków, Poland","Kościół Mariacki, Kraków, Poland",mecanico,
europa_central.csv,Cracovia,Floriańska Gate y Barbican,"Floriańska Gate y Barbican, Kraków, Poland","Floriańska Gate y Barbican, Kraków, Poland",mecanico,
europa_central.csv,Cracovia,Zakrzówek,"Zakrzówek, Kraków, Poland","Zakrzówek, Kraków, Poland",mecanico,
europa_central.csv,Budapest,Parlamento (Országház),"Hungarian Parliament Building, Budapest","Hungarian Parliament Building, Budapest, Hungary",mecanico,
europa_central.csv,Budapest,Andrássy Út,"Andrássy Avenue, Budapest","Andrássy Avenue, Budapest, Hungary",mecanico,
europa_central.csv,Budapest,Zapatos en el Danubio (Cipők a Duna-parton),"Shoes on the Danube Bank, Budapest","Shoes on the Danube Bank, Budapest, Hungary",mecanico,
europa_central.csv,Budapest,Casa del Terror (Terror Háza),"House of Terror, Budapest","House of Terror, Budapest, Hungary",mecanico,
europa_central.csv,Budapest,Bastión de los Pescadores (Halászbástya),"Fisherman's Bastion, Budapest","Fisherman's Bastion, Budapest, Hungary",mecanico,
europa_central.csv,Budapest,Castillo de Buda (Budavári Palota),"Buda Castle, Budapest","Buda Castle, Budapest, Hungary",mecanico,
europa_central.csv,Budapest,Colina Gellért (Gellért-hegy),"Gellért Hill, Budapest","Gellért Hill, Budapest, Hungary",mecanico,
europa_central.csv,Budapest,Margit-sziget (Isla Margarita),"Margaret Island, Budapest","Margaret Island, Budapest, Hungary",mecanico,
europa_central.csv,Budapest,Szimpla Kert,"Szimpla Kert, Budapest","Szimpla Kert, Budapest, Hungary",mecanico,
europa_central.csv,Budapest,Instant-Fogas,"Instant-Fogas, Budapest","Instant-Fogas, Budapest, Hungary",mecanico,
europa_central.csv,Budapest,Mazel Tov,"Mazel Tov, Budapest, Hungary","Mazel Tov, Budapest, Hungary",mecanico,
europa_central.csv,Budapest,Ellátó Kert,"Ellátó Kert, Budapest, Hungary","Ellátó Kert, Budapest, Hungary",mecanico,
europa_central.csv,Budapest,Anker't,"Anker't, Budapest, Hungary","Anker't, Budapest, Hungary",mecanico,
europa_central.csv,Budapest,Gólya (Corvin köz),"Gólya (Corvin köz), Budapest, Hungary","Gólya, Budapest, Hungary",mecanico,
europa_central.csv,Budapest,Auróra,"Auróra, Budapest, Hungary","Auróra, Budapest, Hungary",mecanico,
europa_central.csv,Budapest,Memento Park (Szoborpark),"Memento Park (Szoborpark), Budapest, Hungary","Memento Park, Budapest, Hungary",mecanico,
europa_central.csv,Budapest,Óbuda,"Óbuda, Budapest","Óbuda, Budapest, Hungary",mecanico,
europa_central.csv,Budapest,Kertész utca y Dob utca,"Kertész utca y Dob utca, Budapest, Hungary","Kertész utca y Dob utca, Budapest, Hungary",mecanico,
europa_central.csv,Budapest,Kazinczy utca (no confundir con Kazimierz),"Kazinczy utca (no confundir con Kazimierz), Budapest, Hungary","Kazinczy utca, Budapest, Hungary",mecanico,
europa_central.csv,Budapest,Corvin Mozi (Cine Corvin),"Corvin Mozi (Cine Corvin), Budapest, Hungary","Corvin Mozi, Budapest, Hungary",mecanico,
europa_central.csv,Budapest,Széchenyi,"Széchenyi Thermal Bath, Budapest","Széchenyi Thermal Bath, Budapest, Hungary",mecanico,
europa_central.csv,Budapest,Rudas,"Rudas Baths, Budapest","Rudas Baths, Budapest, Hungary",mecanico,
europa_central.csv,Budapest,Lukács,"Lukács Baths, Budapest","Lukács Baths, Budapest, Hungary",mecanico,
europa_central.csv,Budapest,Dandár,"Dandár Baths, Budapest","Dandár Baths, Budapest, Hungary",mecanico,
europa_central.csv,Budapest,Király,"Király Baths, Budapest","Király Baths, Budapest, Hungary",mecanico,
europa_central.csv,Friburgo,Campus Universidad,"Universität Freiburg, Kollegiengebäude","Universität Freiburg, Freiburg im Breisgau, Germany",mecanico,
europa_central.csv,Friburgo,Kunsthalle Freiburg,Kunsthalle Freiburg,"Kunsthalle Freiburg, Freiburg im Breisgau, Germany",mecanico,
europa_central.csv,Friburgo,Simonswälder Tal,"Simonswald, Schwarzwald","Simonswald, Freiburg im Breisgau, Germany",mecanico,
europa_central.csv,Interlaken,Berna,"Bern, Switzerland","Bern, Interlaken, Switzerland",mecanico,
europa_central.csv,Lauterbrunnen,Staubbach Falls,"Staubbach Falls, Lauterbrunnen","Staubbach Falls, Lauterbrunnen, Switzerland",mecanico,
europa_central.csv,Lauterbrunnen,Birg (Thrill Walk),"Birg, Schilthorn","Birg, Lauterbrunnen, Switzerland",mecanico,
europa_central.csv,Lucerna,Altstadt de Lucerna,"Altstadt, Luzern","Altstadt, Luzern, Switzerland",mecanico,
europa_central.csv,Lucerna,Lion Monument,"Löwendenkmal, Luzern","Löwendenkmal, Luzern, Switzerland",mecanico,
europa_central.csv,Lucerna,Paseo del lago,"Vierwaldstättersee, Luzern","Vierwaldstättersee, Luzern, Switzerland",mecanico,
europa_central.csv,Lucerna,Monte Pilatus,"Mount Pilatus, Luzern","Mount Pilatus, Luzern, Switzerland",mecanico,
europa_central.csv,Innsbruck,Catedral de Santiago (Dom zu St. Jakob),"Dom zu St. Jakob, Innsbruck","Dom zu St. Jakob, Innsbruck, Austria",mecanico,
europa_central.csv,Innsbruck,Arco del Triunfo (Triumphpforte),"Triumphpforte, Innsbruck","Triumphpforte, Innsbruck, Austria",mecanico,
europa_central.csv,Innsbruck,Hofkirche (Iglesia de la Corte),"Hofkirche (Iglesia de la Corte), Innsbruck, Austria","Hofkirche, Innsbruck, Austria",mecanico,
europa_central.csv,Innsbruck,Mariahilfstrasse,"Mariahilfstrasse, Innsbruck, Austria","Mariahilfstrasse, Innsbruck, Austria",mecanico,
europa_central.csv,Innsbruck,Wiltener Basilika,"Wiltener Basilika, Innsbruck, Austria","Wiltener Basilika, Innsbruck, Austria",mecanico,
europa_central.csv,Innsbruck,Tiroler Volkskunstmuseum,"Tiroler Volkskunstmuseum, Innsbruck","Tiroler Volkskunstmuseum, Innsbruck, Austria",mecanico,
europa_central.csv,Viena,Catedral San Esteban (Stephansdom),"St. Stephen's Cathedral, Vienna","St. Stephen's Cathedral, Wien, Austria",mecanico,
europa_central.csv,Viena,Prater verde (Hauptallee),"Hauptallee, Prater, Vienna","Hauptallee, Wien, Austria",mecanico,
europa_central.csv,Viena,MUMOK (MuseumsQuartier),"MUMOK, Vienna","MUMOK, Wien, Austria",mecanico,
europa_central.csv,Praga,Barrio Judío (Josefov),"Josefov, Prague","Josefov, Praha, Czechia",mecanico,
europa_central.csv,Praga,Letná (Letenské sady),"Letenské sady, Prague","Letenské sady, Praha, Czechia",mecanico,
europa_central.csv,Cracovia,Barrio Judío (Kazimierz),"Kazimierz, Kraków","Kazimierz, Kraków, Poland",mecanico,
europa_central.csv,Cracovia,Sinagoga Vieja (Stara Synagoga),"Old Synagogue, Kraków","Old Synagogue, Kraków, Poland",mecanico,
europa_central.csv,Cracovia,Sinagoga Remuh y Cementerio Remuh,"Remuh Synagogue, Kraków","Remuh Synagogue, Kraków, Poland",mecanico,
europa_central.csv,Cracovia,Ulica Szeroka,"Ulica Szeroka, Kraków, Poland","Ulica Szeroka, Kraków, Poland",mecanico,
europa_central.csv,Cracovia,Plaza de los Héroes del Gueto (Plac Bohaterów Getta),"Plac Bohaterów Getta, Kraków","Plac Bohaterów Getta, Kraków, Poland",mecanico,
europa_central.csv,Cracovia,Avenida Solidarności,"Avenida Solidarności, Kraków, Poland","Avenida Solidarności, Kraków, Poland",mecanico,
europa_central.csv,Cracovia,Barrio Universitario (Collegium Maius),"Collegium Maius, Kraków","Collegium Maius, Kraków, Poland",mecanico,
europa_central.csv,Cracovia,"Galería de Arte Polaco del s. XIX (Sukiennice, planta alta)","Sukiennice, Kraków","Sukiennice, Kraków, Poland",mecanico,
europa_central.csv,Cracovia,MOCAK,"MOCAK, Kraków, Poland","MOCAK, Kraków, Poland",mecanico,
europa_central.csv,Budapest,Basílica de San Esteban (Szent István-bazilika),"St. Stephen's Basilica, Budapest","St. Stephen's Basilica, Budapest, Hungary",mecanico,
europa_central.csv,Budapest,Gran Sinagoga (Dohány utcai zsinagóga),"Dohány Street Synagogue, Budapest","Dohány Street Synagogue, Budapest, Hungary",mecanico,
europa_central.csv,Budapest,Mercado Central (Nagy Vásárcsarnok),"Central Market Hall, Budapest","Central Market Hall, Budapest, Hungary",mecanico,
europa_central.csv,Budapest,Plaza de los Héroes (Hősök tere),"Heroes' Square, Budapest","Heroes' Square, Budapest, Hungary",mecanico,
europa_central.csv,Budapest,Iglesia de Matías (Mátyás-templom),"Matthias Church, Budapest","Matthias Church, Budapest, Hungary",mecanico,
europa_central.csv,Budapest,Puente de las Cadenas (Széchenyi Lánchíd),"Széchenyi Chain Bridge, Budapest","Széchenyi Chain Bridge, Budapest, Hungary",mecanico,
europa_central.csv,Budapest,Puente de la Libertad (Szabadság híd),"Liberty Bridge, Budapest","Liberty Bridge, Budapest, Hungary",mecanico,
europa_central.csv,Budapest,Ruinas del Anfiteatro Romano (Aquincum),"Aquincum, Budapest","Aquincum, Budapest, Hungary",mecanico,
europa_del_sur.csv,Lisboa,Mosteiro dos Jerónimos,"Mosteiro dos Jerónimos, Lisboa","Mosteiro dos Jerónimos, Lisboa, Portugal",mecanico,
europa_del_sur.csv,Lisboa,Torre de Belém,"Torre de Belém, Lisboa","Torre de Belém, Lisboa, Portugal",mecanico,
europa_del_sur.csv,Lisboa,Padrão dos Descobrimentos,"Padrão dos Descobrimentos, Lisboa","Padrão dos Descobrimentos, Lisboa, Portugal",mecanico,
europa_del_sur.csv,Lisboa,Castelo de São Jorge,"Castelo de São Jorge, Lisboa","Castelo de São Jorge, Lisboa, Portugal",mecanico,
europa_del_sur.csv,Lisboa,Arco da Rua Augusta,"Arco da Rua Augusta, Lisboa","Arco da Rua Augusta, Lisboa, Portugal",mecanico,
europa_del_sur.csv,Lisboa,Convento do Carmo,"Convento do Carmo, Lisboa","Convento do Carmo, Lisboa, Portugal",mecanico,
europa_del_sur.csv,Lisboa,Igreja de São Roque,"Igreja de São Roque, Lisboa","Igreja de São Roque, Lisboa, Portugal",mecanico,
europa_del_sur.csv,Lisboa,Sé de Lisboa,Sé de Lisboa,"Sé de Lisboa, Lisboa, Portugal",mecanico,
europa_del_sur.csv,Lisboa,Miradouro da Graça,"Miradouro da Graça, Lisboa","Miradouro da Graça, Lisboa, Portugal",mecanico,
europa_del_sur.csv,Lisboa,Miradouro das Portas do Sol,"Miradouro das Portas do Sol, Lisboa","Miradouro das Portas do Sol, Lisboa, Portugal",mecanico,
europa_del_sur.csv,Lisboa,Miradouro de Santa Luzia,"Miradouro de Santa Luzia, Lisboa","Miradouro de Santa Luzia, Lisboa, Portugal",mecanico,
europa_del_sur.csv,Lisboa,Miradouro de Santa Catarina,"Miradouro de Santa Catarina, Lisboa","Miradouro de Santa Catarina, Lisboa, Portugal",mecanico,
europa_del_sur.csv,Lisboa,Miradouro Parque Eduardo VII,"Parque Eduardo VII, Lisboa","Parque Eduardo VII, Lisboa, Portugal",mecanico,
europa_del_sur.csv,Lisboa,Elevador de Santa Justa,"Elevador de Santa Justa, Lisboa","Elevador de Santa Justa, Lisboa, Portugal",mecanico,
europa_del_sur.csv,Lisboa,MAAT,"MAAT, Lisboa","MAAT, Lisboa, Portugal",mecanico,
europa_del_sur.csv,Lisboa,Fundação Calouste Gulbenkian,"Fundação Calouste Gulbenkian, Lisboa","Fundação Calouste Gulbenkian, Lisboa, Portugal",mecanico,
europa_del_sur.csv,Lisboa,Museu Nacional do Azulejo,"Museu Nacional do Azulejo, Lisboa","Museu Nacional do Azulejo, Lisboa, Portugal",mecanico,
europa_del_sur.csv,Lisboa,Museu Nacional de Arte Antiga,"Museu Nacional de Arte Antiga, Lisboa","Museu Nacional de Arte Antiga, Lisboa, Portugal",mecanico,
europa_del_sur.csv,Lisboa,Museu dos Coches,"Museu Nacional dos Coches, Lisboa","Museu Nacional dos Coches, Lisboa, Portugal",mecanico,
europa_del_sur.csv,Lisboa,Museu do Fado,"Museu do Fado, Lisboa","Museu do Fado, Lisboa, Portugal",mecanico,
europa_del_sur.csv,Lisboa,Museu Nacional de Arqueologia,"Museu Nacional de Arqueologia, Lisboa","Museu Nacional de Arqueologia, Lisboa, Portugal",mecanico,
europa_del_sur.csv,Lisboa,Alfama,"Alfama, Lisboa","Alfama, Lisboa, Portugal",mecanico,
europa_del_sur.csv,Lisboa,Baixa / Chiado,"Chiado, Lisboa","Chiado, Lisboa, Portugal",mecanico,
europa_del_sur.csv,Lisboa,Mouraria,"Mouraria, Lisboa","Mouraria, Lisboa, Portugal",mecanico,
europa_del_sur.csv,Lisboa,Bairro Alto,"Bairro Alto, Lisboa","Bairro Alto, Lisboa, Portugal",mecanico,
europa_del_sur.csv,Lisboa,Príncipe Real,"Príncipe Real, Lisboa","Príncipe Real, Lisboa, Portugal",mecanico,
europa_del_sur.csv,Lisboa,Belém,"Belém, Lisboa","Belém, Lisboa, Portugal",mecanico,
europa_del_sur.csv,Lisboa,Cais do Sodré,"Cais do Sodré, Lisboa","Cais do Sodré, Lisboa, Portugal",mecanico,
europa_del_sur.csv,Lisboa,Campo de Ourique,"Campo de Ourique, Lisboa","Campo de Ourique, Lisboa, Portugal",mecanico,
europa_del_sur.csv,Lisboa,LX Factory,"LX Factory, Lisboa","LX Factory, Lisboa, Portugal",mecanico,
europa_del_sur.csv,Lisboa,Elevador da Bica,"Elevador da Bica, Lisboa","Elevador da Bica, Lisboa, Portugal",mecanico,
europa_del_sur.csv,Lisboa,Elevador da Glória,"Elevador da Glória, Lisboa","Elevador da Glória, Lisboa, Portugal",mecanico,
europa_del_sur.csv,Lisboa,Sintra,"Sintra, Portugal","Sintra, Lisboa, Portugal",mecanico,
europa_del_sur.csv,Lisboa,Cascais,"Cascais, Portugal","Cascais, Lisboa, Portugal",mecanico,
europa_del_sur.csv,Lisboa,Óbidos,"Óbidos, Portugal","Óbidos, Lisboa, Portugal",mecanico,
europa_del_sur.csv,Porto,Estação de São Bento,"Estação de São Bento, Porto","Estação de São Bento, Porto, Portugal",mecanico,
europa_del_sur.csv,Porto,Livraria Lello,"Livraria Lello, Porto","Livraria Lello, Porto, Portugal",mecanico,
europa_del_sur.csv,Porto,Torre dos Clérigos,"Torre dos Clérigos, Porto","Torre dos Clérigos, Porto, Portugal",mecanico,
europa_del_sur.csv,Porto,Palácio da Bolsa,"Palácio da Bolsa, Porto","Palácio da Bolsa, Porto, Portugal",mecanico,
europa_del_sur.csv,Porto,Igreja de São Francisco,"Igreja de São Francisco, Porto","Igreja de São Francisco, Porto, Portugal",mecanico,
europa_del_sur.csv,Porto,Sé do Porto,Sé do Porto,"Sé do Porto, Porto, Portugal",mecanico,
europa_del_sur.csv,Porto,Ponte Dom Luís I,"Ponte Luís I, Porto","Ponte Luís I, Porto, Portugal",mecanico,
europa_del_sur.csv,Porto,Alfândega do Porto,Alfândega do Porto,"Alfândega do Porto, Porto, Portugal",mecanico,
europa_del_sur.csv,Porto,Igreja do Carmo,"Igreja do Carmo, Porto","Igreja do Carmo, Porto, Portugal",mecanico,
europa_del_sur.csv,Porto,Sandeman,"Sandeman Cellars, Vila Nova de Gaia","Sandeman Cellars, Porto, Portugal",mecanico,
europa_del_sur.csv,Porto,Graham's 1890 Lodge,"Graham's Port Lodge, Vila Nova de Gaia","Graham's Port Lodge, Porto, Portugal",mecanico,
europa_del_sur.csv,Porto,Cais da Ribeira,"Cais da Ribeira, Porto","Cais da Ribeira, Porto, Portugal",mecanico,
europa_del_sur.csv,Porto,Ribeira,"Ribeira, Porto","Ribeira, Porto, Portugal",mecanico,
europa_del_sur.csv,Porto,Bonfim,"Bonfim, Porto","Bonfim, Porto, Portugal",mecanico,
europa_del_sur.csv,Porto,Cedofeita,"Cedofeita, Porto","Cedofeita, Porto, Portugal",mecanico,
europa_del_sur.csv,Porto,Foz do Douro,"Foz do Douro, Porto","Foz do Douro, Porto, Portugal",mecanico,
europa_del_sur.csv,Porto,Matosinhos,"Matosinhos, Porto","Matosinhos, Porto, Portugal",mecanico,
europa_del_sur.csv,Porto,Vila Nova de Gaia,Vila Nova de Gaia,"Vila Nova de Gaia, Porto, Portugal",mecanico,
europa_del_sur.csv,Porto,Jardim das Virtudes,"Jardim das Virtudes, Porto","Jardim das Virtudes, Porto, Portugal",mecanico,
europa_del_sur.csv,Porto,Jardins do Palácio de Cristal,"Jardins do Palácio de Cristal, Porto","Jardins do Palácio de Cristal, Porto, Portugal",mecanico,
europa_del_sur.csv,Porto,Miradouro da Serra do Pilar,"Miradouro da Serra do Pilar, Gaia","Miradouro da Serra do Pilar, Porto, Portugal",mecanico,
europa_del_sur.csv,Porto,Teleférico de Gaia,Teleférico de Gaia,"Teleférico de Gaia, Porto, Portugal",mecanico,
europa_del_sur.csv,Porto,Jardim do Morro,"Jardim do Morro, Gaia","Jardim do Morro, Porto, Portugal",mecanico,
europa_del_sur.csv,Porto,Museu Soares dos Reis,"Museu Nacional Soares dos Reis, Porto","Museu Nacional Soares dos Reis, Porto, Portugal",mecanico,
europa_del_sur.csv,Porto,Serralves,"Museu de Arte Contemporânea de Serralves, Porto","Museu de Arte Contemporânea de Serralves, Porto, Portugal",mecanico,
europa_del_sur.csv,Porto,World of Wine (WOW),"World of Wine, Vila Nova de Gaia","World of Wine, Porto, Portugal",mecanico,
europa_del_sur.csv,Porto,Casa da Música,"Casa da Música, Porto","Casa da Música, Porto, Portugal",mecanico,
europa_del_sur.csv,Porto,Museu do Carro Eléctrico,"Museu do Carro Eléctrico, Porto","Museu do Carro Eléctrico, Porto, Portugal",mecanico,
europa_del_sur.csv,Lisboa,Miradouro da Senhora do Monte,"Miradouro da Senhora do Monte, Lisboa","Miradouro da Senhora do Monte, Lisboa, Portugal",mecanico,
